{
	"box":[
		[
			0.23746292679398143,
			0.3573798076923077
		],
		[
			0.6252034505208333,
			0.9676442307692308
		]
	],
	"qr":[
		[
			0.3739827473958333,
			0.4921314102564102
		],
		[
			0.47493941695601843,
			0.7334375
		]
	]
}