{
	"box":[
		[
			1.9196686921296294e-2,
			0.28049679487179485
		],
		[
			0.9991907190393517,
			0.9974919871794872
		]
	],
	"qr":[
		[
			0.6214509186921295,
			0.29998397435897434
		],
		[
			0.9647035951967591,
			0.5663301282051282
		]
	]
}