{
	"box":[
		[
			9.752513744212962e-2,
			0.282275641025641
		],
		[
			0.9957501446759257,
			0.9284134615384615
		]
	],
	"qr":[
		[
			0.4144648799189814,
			0.2786298076923077
		],
		[
			0.7791838469328702,
			0.512676282051282
		]
	]
}