{
	"box":[
		[
			7.731119791666666e-4,
			8.373397435897406e-3
		],
		[
			0.5488688151041666,
			0.30916666666666665
		]
	],
	"qr":[
		[
			0.18522587528935183,
			0.11502403846153846
		],
		[
			0.296142578125,
			0.20967948717948717
		]
	]
}