{
	"box":[
		[
			0.3146068431712963,
			9.35897435897433e-3
		],
		[
			0.9527768735532406,
			0.1667548076923077
		]
	],
	"qr":[
		[
			0.506618923611111,
			7.3958333333333645e-3
		],
		[
			0.7479654947916666,
			7.08092948717949e-2
		]
	]
}