{
	"qr":[
		[
			0.22815845630787032,
			6.447115384615384e-2
		],
		[
			0.3435103804976852,
			0.15708333333333332
		]
	],
	"box":[
		[
			3.7254050925925922e-3,
			3.8060897435897145e-3
		],
		[
			0.5965621383101851,
			0.22361378205128202
		]
	]
}