{
	"box":[
		[
			6.058304398148148e-4,
			4.719551282051253e-3
		],
		[
			0.6397343388310184,
			0.2170753205128205
		]
	],
	"qr":[
		[
			0.18790237991898145,
			5.210737179487182e-2
		],
		[
			0.3515851056134259,
			0.16510416666666664
		]
	]
}