{
	"box":[
		[
			0.2614384403935185,
			0.23987179487179486
		],
		[
			0.9972059461805555,
			0.981738782051282
		]
	],
	"qr":[
		[
			0.5630108868634258,
			0.2530528846153846
		],
		[
			0.7766972294560184,
			0.5585576923076923
		]
	]
}