{
	"box":[
		[
			2.034505208333333e-3,
			0.28584134615384615
		],
		[
			0.56640625,
			0.8829807692307692
		]
	],
	"qr":[
		[
			0.19422743055555555,
			0.29924679487179484
		],
		[
			0.3333288122106481,
			0.49817307692307694
		]
	]
}