{
	"box":[
		[
			2.283166956018519e-3,
			0.10681891025641024
		],
		[
			0.9972375940393517,
			0.7441346153846153
		]
	],
	"qr":[
		[
			0.46483922887731477,
			0.10572916666666664
		],
		[
			0.7082836009837962,
			0.18342147435897432
		]
	]
}