{
	"box":[
		[
			0.18464717158564814,
			0.28157051282051276
		],
		[
			0.7460440176504629,
			0.7458333333333332
		]
	],
	"qr":[
		[
			0.35138165509259256,
			0.28888621794871794
		],
		[
			0.5263581452546295,
			0.37548076923076923
		]
	]
}