{
	"box":[
		[
			0.2871138961226852,
			0.31568910256410254
		],
		[
			0.6301359953703703,
			0.7220032051282051
		]
	],
	"qr":[
		[
			0.4165219907407407,
			0.3086778846153846
		],
		[
			0.5045889395254629,
			0.48389423076923077
		]
	]
}