{
	"box":[
		[
			0.25476978443287035,
			0.26902243589743585
		],
		[
			0.595996997974537,
			0.6411858974358974
		]
	],
	"qr":[
		[
			0.3824372468171296,
			0.27213141025641024
		],
		[
			0.47335250289351843,
			0.3786298076923077
		]
	]
}