{
	"box":[
		[
			5.967881944444444e-4,
			1.0817307692307692e-2
		],
		[
			0.597023292824074,
			0.3089102564102564
		]
	],
	"qr":[
		[
			0.1535599320023148,
			0.20883814102564102
		],
		[
			0.3717357494212963,
			0.29940705128205125
		]
	]
}