{
	"box":[
		[
			0.20637116608796294,
			0.3381330128205128
		],
		[
			0.601490162037037,
			0.9333173076923077
		]
	],
	"qr":[
		[
			0.35522008825231477,
			0.5292307692307693
		],
		[
			0.4626781322337962,
			0.7313141025641025
		]
	]
}