{
	"box":[
		[
			3.847475405092592e-3,
			1.0737179487179517e-2
		],
		[
			0.6943449797453703,
			0.3863541666666666
		]
	],
	"qr":[
		[
			0.2477349175347222,
			0.2681730769230769
		],
		[
			0.3942012080439814,
			0.3620352564102564
		]
	]
}