{
	"box":[
		[
			0.1748272931134259,
			0.25818910256410255
		],
		[
			0.9978841145833333,
			0.9966346153846154
		]
	],
	"qr":[
		[
			0.5397813585069444,
			0.264463141025641
		],
		[
			0.7370831524884258,
			0.5920272435897436
		]
	]
}