{
	"box":[
		[
			1.288519965277778e-3,
			0.25979967948717947
		],
		[
			0.9973099320023147,
			0.8889503205128204
		]
	],
	"qr":[
		[
			0.3704698350694444,
			0.2610416666666666
		],
		[
			0.8010389539930555,
			0.43347756410256405
		]
	]
}