{
	"box":[
		[
			2.6674623842592586e-4,
			9.767628205128175e-3
		],
		[
			0.6154739945023148,
			0.3302323717948718
		]
	],
	"qr":[
		[
			0.23683901186342587,
			0.11540865384615384
		],
		[
			0.3614637586805555,
			0.21817307692307691
		]
	]
}