{
	"box":[
		[
			4.747178819444445e-4,
			0.23006410256410256
		],
		[
			0.9991771556712962,
			0.9994631410256409
		]
	],
	"qr":[
		[
			2.1249276620370367e-3,
			0.23660256410256408
		],
		[
			0.47238498263888884,
			0.592411858974359
		]
	]
}