{
	"box":[
		[
			2.7804904513888886e-3,
			1.0793269230769231e-2
		],
		[
			0.6545455367476851,
			0.30775641025641026
		]
	],
	"qr":[
		[
			0.23166684751157404,
			0.10313301282051279
		],
		[
			0.3765733506944444,
			0.20655448717948716
		]
	]
}