{
	"box":[
		[
			3.6349826388888886e-3,
			0.2633894230769231
		],
		[
			0.6578549985532406,
			0.9884375
		]
	],
	"qr":[
		[
			0.22544126157407404,
			0.33789262820512816
		],
		[
			0.4182987919560185,
			0.7023076923076923
		]
	]
}