{
	"box":[
		[
			3.4270109953703698e-3,
			0.26040865384615386
		],
		[
			0.9986798321759257,
			0.9963060897435896
		]
	],
	"qr":[
		[
			0.15406629774305555,
			0.2664423076923077
		],
		[
			0.5764250578703703,
			0.5430368589743589
		]
	]
}