{
	"box":[
		[
			0.3841145833333333,
			0.2882211538461538
		],
		[
			0.9981915509259257,
			0.9954967948717948
		]
	],
	"qr":[
		[
			0.6068250868055555,
			0.5900961538461539
		],
		[
			0.7806441695601851,
			0.8906891025641025
		]
	]
}