{
	"box":[
		[
			1.220703125e-3,
			0.2285576923076923
		],
		[
			0.8839563440393517,
			0.9625400641025641
		]
	],
	"qr":[
		[
			9.972240306712962e-2,
			0.2628044871794872
		],
		[
			0.49384675202546285,
			0.4976362179487179
		]
	]
}