{
	"box":[
		[
			0.3184317129629629,
			0.25584935897435895
		],
		[
			0.9940049913194444,
			0.9892067307692307
		]
	],
	"qr":[
		[
			0.6558702256944444,
			0.4352483974358974
		],
		[
			0.835770218460648,
			0.7897916666666666
		]
	]
}