{
	"box":[
		[
			0.19595902054398145,
			0.16879006410256409
		],
		[
			0.997314453125,
			0.9993990384615384
		]
	],
	"qr":[
		[
			0.6162471064814814,
			0.18708333333333332
		],
		[
			0.9074616608796295,
			0.4985657051282051
		]
	]
}