{
	"box":[
		[
			2.2424768518518514e-3,
			4.6714743589743295e-3
		],
		[
			0.6265462239583333,
			0.3445913461538462
		]
	],
	"qr":[
		[
			0.15311686197916666,
			0.27577724358974354
		],
		[
			0.39725748697916663,
			0.33826121794871794
		]
	]
}