{
	"box":[
		[
			3.339753327546296e-2,
			0.35933493589743587
		],
		[
			0.6973334418402778,
			0.9601522435897435
		]
	],
	"qr":[
		[
			0.25329137731481477,
			0.36522435897435895
		],
		[
			0.46495677806712954,
			0.5301282051282051
		]
	]
}