{
	"box":[
		[
			0.29650426793981477,
			0.26683493589743584
		],
		[
			0.9840856481481479,
			0.8602243589743589
		]
	],
	"qr":[
		[
			0.5387053313078703,
			0.2655128205128205
		],
		[
			0.731594509548611,
			0.5254967948717948
		]
	]
}