{
	"box":[
		[
			0.2834924768518518,
			0.2455929487179487
		],
		[
			0.6297290943287036,
			0.5621634615384615
		]
	],
	"qr":[
		[
			0.3773102936921296,
			0.265088141025641
		],
		[
			0.511646412037037,
			0.3528926282051282
		]
	]
}