{
	"box":[
		[
			2.1656177662037037e-3,
			9.294871794871824e-3
		],
		[
			0.6685112847222222,
			0.32511217948717946
		]
	],
	"qr":[
		[
			0.2528844762731481,
			0.20682692307692307
		],
		[
			0.3845757378472222,
			0.3112900641025641
		]
	]
}