{
	"box":[
		[
			0.10795084635416666,
			0.281426282051282
		],
		[
			0.9967945240162035,
			0.9240705128205127
		]
	],
	"qr":[
		[
			0.4018102575231481,
			0.28120993589743587
		],
		[
			0.7678900824652778,
			0.38900641025641025
		]
	]
}