{
	"box":[
		[
			2.8709129050925922e-3,
			1.0376602564102593e-2
		],
		[
			0.5643129701967592,
			0.34636217948717946
		]
	],
	"qr":[
		[
			0.1330475983796296,
			0.22042467948717948
		],
		[
			0.3624719690393518,
			0.3157371794871795
		]
	]
}