{
	"box":[
		[
			3.1195746527777775e-4,
			1.047275641025644e-2
		],
		[
			0.5928186487268517,
			0.3635657051282051
		]
	],
	"qr":[
		[
			0.14851435908564814,
			0.22552884615384616
		],
		[
			0.38580548321759256,
			0.34134615384615385
		]
	]
}