{
	"box":[
		[
			0.3148464626736111,
			0.31900641025641024
		],
		[
			0.9969391999421295,
			0.901875
		]
	],
	"qr":[
		[
			0.5786675347222222,
			0.31209134615384615
		],
		[
			0.764919704861111,
			0.4835016025641025
		]
	]
}