{
	"box":[
		[
			0.27262369791666663,
			0.2227323717948718
		],
		[
			0.6047272858796295,
			0.661875
		]
	],
	"qr":[
		[
			0.381202980324074,
			0.2462900641025641
		],
		[
			0.49365234375,
			0.47977564102564096
		]
	]
}