{
	"box":[
		[
			1.7496744791666665e-3,
			9.943910256410286e-3
		],
		[
			0.5878770616319444,
			0.3428205128205128
		]
	],
	"qr":[
		[
			0.1491021050347222,
			0.25544871794871793
		],
		[
			0.3350649233217592,
			0.32584935897435896
		]
	]
}