{
	"box":[
		[
			2.7940538194444445e-3,
			8.653846153846154e-3
		],
		[
			0.6543646918402778,
			0.3307532051282051
		]
	],
	"qr":[
		[
			0.23464174623842587,
			0.24886217948717948
		],
		[
			0.37640606915509256,
			0.32284455128205125
		]
	]
}