{
	"box":[
		[
			0.1073585792824074,
			0.27791666666666665
		],
		[
			0.6973289207175926,
			0.8275240384615384
		]
	],
	"qr":[
		[
			0.3060121889467592,
			0.27905448717948717
		],
		[
			0.5215974030671295,
			0.4737980769230769
		]
	]
}