{
	"box":[
		[
			5.050094039351851e-3,
			1.3092948717948747e-2
		],
		[
			0.5900019892939814,
			0.2958173076923077
		]
	],
	"qr":[
		[
			0.20181839554398145,
			0.2521474358974359
		],
		[
			0.3260317201967592,
			0.3041826923076923
		]
	]
}