{
	"qr":[
		[
			0.24915002893518515,
			0.22295673076923078
		],
		[
			0.3769440827546296,
			0.31403846153846154
		]
	],
	"box":[
		[
			2.6810257523148147e-3,
			1.1378205128205098e-2
		],
		[
			0.655029296875,
			0.3583733974358974
		]
	]
}