{
	"box":[
		[
			7.931405526620369e-2,
			1.3573717948717978e-2
		],
		[
			0.6839418764467592,
			0.31120192307692307
		]
	],
	"qr":[
		[
			0.296924732349537,
			0.1358653846153846
		],
		[
			0.43244086371527773,
			0.24174679487179485
		]
	]
}