{
	"box":[
		[
			0.17966941550925924,
			0.2524519230769231
		],
		[
			0.9971788194444444,
			0.9018669871794871
		]
	],
	"qr":[
		[
			0.5204038266782407,
			0.24939102564102564
		],
		[
			0.7705891927083333,
			0.4841907051282051
		]
	]
}