{
	"box":[
		[
			0.11626519097222221,
			0.30589743589743584
		],
		[
			0.5667317708333333,
			0.9575961538461538
		]
	],
	"qr":[
		[
			0.2807888454861111,
			0.43826121794871786
		],
		[
			0.40817147714120366,
			0.6935737179487179
		]
	]
}