{
	"box":[
		[
			2.5318287037037032e-3,
			8.517628205128176e-3
		],
		[
			0.5447139033564814,
			0.3157772435897436
		]
	],
	"qr":[
		[
			0.18009892216435183,
			7.95592948717949e-2
		],
		[
			0.2959165219907407,
			0.18967147435897433
		]
	]
}