{
	"box":[
		[
			9.223090277777779e-4,
			0.2595673076923077
		],
		[
			0.9970612702546295,
			0.9930368589743589
		]
	],
	"qr":[
		[
			3.992151331018518e-3,
			0.27346955128205125
		],
		[
			0.5195990668402778,
			0.6787580128205128
		]
	]
}