{
	"box":[
		[
			0.18256293402777776,
			0.316338141025641
		],
		[
			0.5593306929976851,
			0.6887820512820513
		]
	],
	"qr":[
		[
			0.3267460575810185,
			0.3060576923076923
		],
		[
			0.42367892795138884,
			0.4743830128205128
		]
	]
}