{
	"box":[
		[
			1.663773148148148e-3,
			0.24086538461538462
		],
		[
			0.599564163773148,
			0.7181650641025641
		]
	],
	"qr":[
		[
			0.18945764612268515,
			0.23691506410256408
		],
		[
			0.3710756655092592,
			0.36149038461538463
		]
	]
}