{
	"box":[
		[
			0.1649124710648148,
			0.43396634615384616
		],
		[
			0.6112422236689814,
			0.9853125
		]
	],
	"qr":[
		[
			0.32282172309027773,
			0.6112580128205128
		],
		[
			0.45905219184027773,
			0.8612419871794871
		]
	]
}