{
	"box":[
		[
			0.21673357928240738,
			0.4539983974358974
		],
		[
			0.623046875,
			0.9986698717948718
		]
	],
	"qr":[
		[
			0.3662290219907407,
			0.6339503205128205
		],
		[
			0.4808666087962962,
			0.8514262820512819
		]
	]
}