{
	"box":[
		[
			0.23174822771990738,
			0.29561698717948715
		],
		[
			0.6257369429976851,
			0.6525961538461539
		]
	],
	"qr":[
		[
			0.3600938585069444,
			0.2974278846153846
		],
		[
			0.49394169560185175,
			0.3917227564102564
		]
	]
}