{
	"box":[
		[
			2.170138888888889e-3,
			8.517628205128176e-3
		],
		[
			0.6526602285879629,
			0.3078685897435897
		]
	],
	"qr":[
		[
			0.23829481336805555,
			8.507211538461538e-2
		],
		[
			0.3683675130208333,
			0.19489583333333332
		]
	]
}