{
	"qr":[
		[
			0.46720377604166663,
			0.7504871535796767
		],
		[
			0.5326334635416666,
			0.8001587759815242
		]
	],
	"box":[
		[
			0.3945222077546296,
			0.507409545804465
		],
		[
			0.6196424696180555,
			0.8318117301770592
		]
	]
}