{
	"qr":[
		[
			0.44140625,
			0.3097026683666093
		],
		[
			0.5052083333333333,
			0.3444248905888316
		]
	],
	"box":[
		[
			0.3359375,
			5.449433503327615e-2
		],
		[
			0.5755208333333334,
			0.3513693350332761
		]
	]
}