{
	"qr":[
		[
			0.39713541666666663,
			0.3230128535517946
		],
		[
			0.71484375,
			0.6216239646629057
		]
	],
	"box":[
		[
			0.16276041666666666,
			1.7457297996238928e-2
		],
		[
			0.9270833333333334,
			0.7153739646629056
		]
	]
}