{
	"qr":[
		[
			0.45746527777777773,
			0.588234940338722
		],
		[
			0.50048828125,
			0.6135428695150116
		]
	],
	"box":[
		[
			0.4361707899305555,
			0.48505460931485755
		],
		[
			0.5208468967013888,
			0.6185948325635103
		]
	]
}