{
	"qr":[
		[
			0.16145833333333331,
			0.37741100169994274
		],
		[
			0.21354166666666663,
			0.4051887794777205
		]
	],
	"box":[
		[
			0.12890624999999997,
			0.2506748905888316
		],
		[
			0.2552083333333333,
			0.41213322392216495
		]
	]
}