{
	"qr":[
		[
			0.8089268060378085,
			0.5311497626379268
		],
		[
			0.9009165822723766,
			0.5872425904541957
		]
	],
	"box":[
		[
			0.7274561752507716,
			0.3288607422376188
		],
		[
			0.9658399040316359,
			0.608452816268925
		]
	]
}