{
	"qr":[
		[
			0.5960331669560184,
			0.21407693418013857
		],
		[
			0.7003173828125,
			0.30694885488837564
		]
	],
	"box":[
		[
			0.49278880931712954,
			1.0927877213240976e-2
		],
		[
			0.7759738498263888,
			0.3587555331023864
		]
	]
}