{
	"qr":[
		[
			0.47621738763503085,
			5.32079965357969e-2
		],
		[
			0.5943241825810185,
			0.196597542981781
		]
	],
	"box":[
		[
			0.20945607880015432,
			6.3269822940724505e-3
		],
		[
			0.8483359254436729,
			0.35550383307672584
		]
	]
}