{
	"qr":[
		[
			2.210828993055556e-2,
			0.47440539196818077
		],
		[
			8.400999469521607e-2,
			0.5132172985629972
		]
	],
	"box":[
		[
			1.1302806712962963e-3,
			0.32942207146522984
		],
		[
			0.14657479745370372,
			0.5222386611496024
		]
	]
}