{
	"qr":[
		[
			0.23180549527391972,
			0.44035476007185026
		],
		[
			0.29510874807098764,
			0.49189681164998733
		]
	],
	"box":[
		[
			0.1907009548611111,
			0.2709034994867848
		],
		[
			0.35221052758487653,
			0.5000260617141392
		]
	]
}