{
	"qr":[
		[
			0.5054072627314814,
			0.5128464203233256
		],
		[
			0.5797480830439814,
			0.5488055715935335
		]
	],
	"box":[
		[
			0.4619502314814814,
			0.3805090454195535
		],
		[
			0.6252305772569444,
			0.5612730946882217
		]
	]
}