{
	"qr":[
		[
			0.3151086877893518,
			0.10722791570438799
		],
		[
			0.3948341652199074,
			0.22300808314087758
		]
	],
	"box":[
		[
			0.1318901909722222,
			7.571930331023886e-3
		],
		[
			0.5629973234953703,
			0.31903748075442645
		]
	]
}