{
	"qr":[
		[
			0.48543746383101843,
			0.3653230850654349
		],
		[
			0.581886574074074,
			0.4203533968437259
		]
	],
	"box":[
		[
			0.3607358579282407,
			4.054200346420323e-2
		],
		[
			0.6616120515046295,
			0.4668675423402617
		]
	]
}