{
	"qr":[
		[
			0.8218788743509677,
			0.8475477430555555
		],
		[
			0.9353979228455342,
			0.9736653645833333
		]
	],
	"box":[
		[
			0.7062358589329347,
			0.6396954571759259
		],
		[
			0.9980091926982864,
			0.9988534432870371
		]
	]
}