{
	"qr":[
		[
			0.2297272858796296,
			0.5452391262509623
		],
		[
			0.3062246817129629,
			0.5764770977675134
		]
	],
	"box":[
		[
			0.153980396412037,
			0.34588505581216317
		],
		[
			0.384743019386574,
			0.5927877213240954
		]
	]
}