{
	"qr":[
		[
			0.32339590567129634,
			0.36517673851680793
		],
		[
			0.36991072289737653,
			0.38752967025917384
		]
	],
	"box":[
		[
			0.29171037085262347,
			0.262303133820888
		],
		[
			0.3975950641396605,
			0.4008913106235567
		]
	]
}