{
	"qr":[
		[
			7.233796296296295e-4,
			0.5016298595073133
		],
		[
			2.2479021990740738e-2,
			0.5350149153194764
		]
	],
	"box":[
		[
			9.494357638888888e-5,
			0.3184601135488837
		],
		[
			9.970883969907407e-2,
			0.543729551578137
		]
	]
}