{
	"box":[
		[
			0.3736979166666667,
			7.6193350332759875e-3
		],
		[
			0.61328125,
			0.22116100169994274
		]
	],
	"qr":[
		[
			0.46875000000000006,
			0.16213322392216484
		],
		[
			0.5221354166666666,
			0.19164711281105384
		]
	]
}