{
	"qr":[
		[
			0.5524224175347222,
			0.5644305715935335
		],
		[
			0.6084798177083333,
			0.6181317359507312
		]
	],
	"box":[
		[
			0.5073965567129629,
			0.3984495284834488
		],
		[
			0.6722638165509258,
			0.6527015973826019
		]
	]
}