{
	"qr":[
		[
			0.31640172887731477,
			0.19765805427251731
		],
		[
			0.40423810040509256,
			0.23235421478060045
		]
	],
	"box":[
		[
			0.27445475260416663,
			8.203425712086243e-3
		],
		[
			0.4502179181134259,
			0.2631832178598922
		]
	]
}