{
	"qr":[
		[
			0.882496021412037,
			0.6619454869130099
		],
		[
			0.9509774667245369,
			0.684041811008468
		]
	],
	"box":[
		[
			0.8094934534143517,
			0.4884285989222478
		],
		[
			0.9992088035300924,
			0.6919264819091608
		]
	]
}