{
	"qr":[
		[
			0.15543167679398145,
			0.33789814280215547
		],
		[
			0.22235333478009256,
			0.38344399538106233
		]
	],
	"box":[
		[
			0.1168167679398148,
			0.19912552925327173
		],
		[
			0.2671440972222222,
			0.3894281658968437
		]
	]
}