{
	"box":[
		[
			0.2630208333333333,
			9.355446144387181e-3
		],
		[
			0.6927083333333334,
			0.5579665572554983
		]
	],
	"qr":[
		[
			0.4283854166666667,
			0.39998044614438727
		],
		[
			0.5325520833333334,
			0.5006748905888315
		]
	]
}