{
	"qr":[
		[
			0.47265624999999994,
			0.3183832239221649
		],
		[
			0.5325520833333334,
			0.3635221128110538
		]
	],
	"box":[
		[
			0.3567708333333333,
			3.8869335033275915e-2
		],
		[
			0.6197916666666666,
			0.39477211281105384
		]
	]
}