{
	"box":[
		[
			0.15755208333333334,
			4.147112811053688e-3
		],
		[
			0.5755208333333334,
			0.42602211281105395
		]
	],
	"qr":[
		[
			0.3372395833333333,
			0.3218554461443872
		],
		[
			0.43359375,
			0.3878276683666093
		]
	]
}