{
	"qr":[
		[
			0.198536060474537,
			0.31799100269438024
		],
		[
			0.2605025679976852,
			0.3577872401847575
		]
	],
	"box":[
		[
			0.17651819299768515,
			0.2335330061585835
		],
		[
			0.29247594762731477,
			0.36860084680523475
		]
	]
}