{
	"box":[
		[
			0.38411458333333326,
			0.30102211281105373
		],
		[
			0.58203125,
			0.6291471128110538
		]
	],
	"qr":[
		[
			0.43098958333333326,
			0.5753276683666093
		],
		[
			0.5065104166666666,
			0.615258223922165
		]
	]
}