{
	"qr":[
		[
			0.2308259186921296,
			0.5459909064665127
		],
		[
			0.3243001302083333,
			0.611985180908391
		]
	],
	"box":[
		[
			0.10011121961805555,
			0.2167833429561201
		],
		[
			0.47123661747685175,
			0.6666185527328714
		]
	]
}