{
	"qr":[
		[
			6.901493778935186e-2,
			0.3204207563510394
		],
		[
			0.14393747588734568,
			0.35946320887862476
		]
	],
	"box":[
		[
			5.862389081790123e-3,
			3.3872209391839984e-2
		],
		[
			0.2200505762924383,
			0.3873091480626124
		]
	]
}