{
	"qr":[
		[
			0.5098168643904322,
			0.2445110020528613
		],
		[
			0.5721857518325617,
			0.274782685399025
		]
	],
	"box":[
		[
			0.4759235146604938,
			0.10988220105209145
		],
		[
			0.6086335358796297,
			0.2846761130356686
		]
	]
}