{
	"qr":[
		[
			0.6464753327546295,
			0.7389879234026173
		],
		[
			0.674610279224537,
			0.7489054080061585
		]
	],
	"box":[
		[
			0.6356608072916666,
			0.6594195053887605
		],
		[
			0.6980342158564814,
			0.7503788972286374
		]
	]
}