{
	"qr":[
		[
			0.3589696059992284,
			0.6788094207082372
		],
		[
			0.40268886236496915,
			0.6968621696176548
		]
	],
	"box":[
		[
			0.3246392144097222,
			0.573149217346677
		],
		[
			0.43395242573302467,
			0.6981051129073648
		]
	]
}