{
	"qr":[
		[
			0.48078522858796285,
			0.5037348441108545
		],
		[
			0.5513554325810184,
			0.5470674557351809
		]
	],
	"box":[
		[
			0.42822265625,
			0.2596107582755966
		],
		[
			0.6489664713541666,
			0.5804705542725173
		]
	]
}