{
	"qr":[
		[
			9.895230516975308e-2,
			0.504456553117783
		],
		[
			0.1812819492669753,
			0.5347182127277395
		]
	],
	"box":[
		[
			5.1533263406635804e-2,
			0.31543895945599193
		],
		[
			0.23710274402006173,
			0.5448221388247371
		]
	]
}