{
	"qr":[
		[
			0.47728587962962954,
			0.7442624133949192
		],
		[
			0.5561433015046295,
			0.8014578521939953
		]
	],
	"box":[
		[
			0.38790780526620366,
			0.4681185046189376
		],
		[
			0.6542426215277778,
			0.8324853252501924
		]
	]
}