{
	"qr":[
		[
			0.5062934027777778,
			0.2651017609699769
		],
		[
			0.5697157118055555,
			0.30184877790608156
		]
	],
	"box":[
		[
			0.4809615523726851,
			0.13761787913779827
		],
		[
			0.5991572627314814,
			0.31033487297921475
		]
	]
}