{
	"qr":[
		[
			0.43234742717978397,
			0.38794064344367474
		],
		[
			0.49506293402777773,
			0.43568369899923026
		]
	],
	"box":[
		[
			0.36835847077546297,
			0.22131607646907892
		],
		[
			0.5430772569444444,
			0.4455771266358739
		]
	]
}