{
	"qr":[
		[
			0.2962149160879629,
			0.29480008660508084
		],
		[
			0.4186876085069444,
			0.40931124903772126
		]
	],
	"box":[
		[
			0.11192039207175924,
			5.418831793687432e-3
		],
		[
			0.6001564308449073,
			0.48735806389530406
		]
	]
}