{
	"qr":[
		[
			0.5991527416087962,
			0.5576465069284064
		],
		[
			0.6453088831018517,
			0.5893355465742879
		]
	],
	"box":[
		[
			0.5722972728587962,
			0.45930764049268663
		],
		[
			0.6786928530092592,
			0.5978336701308699
		]
	]
}