{
	"qr":[
		[
			0.4690755208333333,
			0.5815350750577367
		],
		[
			0.5728398075810184,
			0.7172043398768282
		]
	],
	"box":[
		[
			0.27185962818287035,
			0.2163082178598922
		],
		[
			0.7689435040509258,
			0.8441048402617397
		]
	]
}