{
	"qr":[
		[
			0.37462776089891975,
			0.7390119803695151
		],
		[
			0.44263298128858025,
			0.7825149955093664
		]
	],
	"box":[
		[
			0.3138864776234568,
			0.5571413106235567
		],
		[
			0.5002697603202161,
			0.7966183923530922
		]
	]
}