{
	"qr":[
		[
			0.8442744502314815,
			0.29026935783936375
		],
		[
			0.9965458622685186,
			0.4578361560174494
		]
	],
	"box":[
		[
			0.5266429759837963,
			6.5976231716706035e-3
		],
		[
			0.9986707899305555,
			0.6736071016166283
		]
	]
}