{
	"qr":[
		[
			0.41331350067515427,
			0.7869655343854248
		],
		[
			0.5687044873649691,
			0.9680343052347962
		]
	],
	"box":[
		[
			3.726912133487654e-2,
			0.2474078618167823
		],
		[
			0.8767963927469136,
			0.9859968405183476
		]
	]
}