{
	"qr":[
		[
			0.49188458478009256,
			0.48679272517321015
		],
		[
			0.5239076967592592,
			0.5087326789838337
		]
	],
	"box":[
		[
			0.4722719545717592,
			0.40738669168591224
		],
		[
			0.5436740451388888,
			0.5163226520400307
		]
	]
}