{
	"qr":[
		[
			0.563698097511574,
			0.38020833333333326
		],
		[
			0.6373923972800926,
			0.41629979792147803
		]
	],
	"box":[
		[
			0.514675564236111,
			0.16959560238645113
		],
		[
			0.6900318287037036,
			0.4387088625866051
		]
	]
}