{
	"qr":[
		[
			0.2471773124035494,
			0.7172304015909676
		],
		[
			0.33365131896219136,
			0.7762802315884014
		]
	],
	"box":[
		[
			0.1731665340470679,
			0.5288142321016167
		],
		[
			0.4057330849729938,
			0.7941224820374648
		]
	]
}