{
	"qr":[
		[
			0.3385778356481481,
			0.47042797344110854
		],
		[
			0.3878490306712963,
			0.4965718822170901
		]
	],
	"box":[
		[
			0.3288664641203703,
			0.3792761258660508
		],
		[
			0.40629069010416663,
			0.4958622016936104
		]
	]
}