{
	"qr":[
		[
			0.7277425130208333,
			0.50137926610213
		],
		[
			0.7999900535300926,
			0.5323125160379781
		]
	],
	"box":[
		[
			0.6770305869020062,
			0.3208417532717477
		],
		[
			0.8565116222993827,
			0.5457142513471903
		]
	]
}