{
	"qr":[
		[
			0.5014226466049383,
			0.19913354824223775
		],
		[
			0.5843551070601852,
			0.26810687708493725
		]
	],
	"box":[
		[
			0.38491331500771603,
			1.0115954580446585e-2
		],
		[
			0.6877004364390432,
			0.2823305587631513
		]
	]
}