{
	"qr":[
		[
			0.3632948133680555,
			0.3673558987682833
		],
		[
			0.632961697048611,
			0.54264097382602
		]
	],
	"box":[
		[
			1.3292100694444443e-3,
			1.1890155889145496e-2
		],
		[
			0.9983452690972222,
			0.6504101712856042
		]
	]
}