{
	"qr":[
		[
			0.4307574990354938,
			0.23879747241467808
		],
		[
			0.4863371672453704,
			0.2658314889658713
		]
	],
	"box":[
		[
			0.3965928819444444,
			0.11605682255581228
		],
		[
			0.5224383318865741,
			0.2857887477546832
		]
	]
}