{
	"qr":[
		[
			0.615333927609793,
			0.49858579282407406
		],
		[
			0.6500639173719619,
			0.5371310763888889
		]
	],
	"box":[
		[
			0.57627412772473,
			0.4348415798611111
		],
		[
			0.8237379474404418,
			0.6097873263888889
		]
	]
}