{
	"qr":[
		[
			0.7969925491898148,
			0.47315843918398764
		],
		[
			0.9181676793981479,
			0.5203882794457275
		]
	],
	"box":[
		[
			0.7692283347800926,
			0.23823012894534257
		],
		[
			0.9680537471064813,
			0.5440843918398768
		]
	]
}