{
	"qr":[
		[
			0.43304669415509256,
			0.30943273672055427
		],
		[
			0.5504059968171295,
			0.43849836412625093
		]
	],
	"box":[
		[
			0.29281503182870366,
			7.890685142417222e-3
		],
		[
			0.7111228660300926,
			0.516310623556582
		]
	]
}