{
	"qr":[
		[
			0.7184440706983024,
			0.5391386803951759
		],
		[
			0.765599380304784,
			0.5600381703874776
		]
	],
	"box":[
		[
			0.6676115813078703,
			0.3883716641005903
		],
		[
			0.8131992669753085,
			0.5664232903515526
		]
	]
}