{
	"qr":[
		[
			0.7330141420717592,
			0.34817648190916084
		],
		[
			0.8067310474537036,
			0.374687259430331
		]
	],
	"box":[
		[
			0.7047797309027778,
			0.2096925519630485
		],
		[
			0.849292896412037,
			0.3851460257890685
		]
	]
}