{
	"box":[
		[
			0.31640625,
			7.474896466290576e-2
		],
		[
			0.69140625,
			0.5000961868851279
		]
	],
	"qr":[
		[
			0.4283854166666667,
			0.3629434091073501
		],
		[
			0.5716145833333334,
			0.4948878535517945
		]
	]
}