{
	"qr":[
		[
			0.4070592809606481,
			0.29581649345650496
		],
		[
			0.45795808015046285,
			0.3275656755196305
		]
	],
	"box":[
		[
			0.3558078342013889,
			0.16590887220939182
		],
		[
			0.4947871455439814,
			0.34709993264049266
		]
	]
}