{
	"qr":[
		[
			0.3889250578703703,
			0.4785892994611239
		],
		[
			0.4455114293981481,
			0.5064292244033872
		]
	],
	"box":[
		[
			0.3684353298611111,
			0.43499206120092376
		],
		[
			0.4666838469328703,
			0.5072411470361816
		]
	]
}