{
	"qr":[
		[
			0.409401222511574,
			0.4139542436489607
		],
		[
			0.45414225260416663,
			0.43750601424172436
		]
	],
	"box":[
		[
			0.3740776909722222,
			0.2947459584295612
		],
		[
			0.4922236689814814,
			0.44845193418013857
		]
	]
}