{
	"qr":[
		[
			0.6463999807098766,
			0.4454568418013858
		],
		[
			0.6891999421296297,
			0.47478629394405963
		]
	],
	"box":[
		[
			0.6354211877893519,
			0.3677027200410573
		],
		[
			0.7054533781828703,
			0.4853613356428023
		]
	]
}