{
	"qr":[
		[
			0.4466643156828703,
			0.4304753656658968
		],
		[
			0.5104392722800926,
			0.4734711797536566
		]
	],
	"box":[
		[
			0.36615668402777773,
			0.18174437066974597
		],
		[
			0.5974799262152778,
			0.48795948806774436
		]
	]
}