{
	"qr":[
		[
			0.4120732060185185,
			0.37247401847575057
		],
		[
			0.5181206597222222,
			0.48149417821401075
		]
	],
	"box":[
		[
			0.3137523509837963,
			6.30833814472671e-2
		],
		[
			0.628101490162037,
			0.5126840357967667
		]
	]
}