{
	"qr":[
		[
			0.5442000024112654,
			0.24680643764434193
		],
		[
			0.596825870466821,
			0.27559460803181945
		]
	],
	"box":[
		[
			0.5030125747492283,
			0.10825835578650254
		],
		[
			0.6350670331790124,
			0.29336669232743146
		]
	]
}