{
	"qr":[
		[
			0.24425817418981477,
			0.49072603926096997
		],
		[
			0.3357250072337963,
			0.536692888760585
		]
	],
	"box":[
		[
			0.19733796296296294,
			0.29115545612009236
		],
		[
			0.3722647207754629,
			0.5509105561970746
		]
	]
}