{
	"qr":[
		[
			0.48139558015046285,
			0.22237658775981523
		],
		[
			0.5303141276041666,
			0.26555282909930716
		]
	],
	"box":[
		[
			0.44315592447916663,
			0.10496656081601234
		],
		[
			0.5773790147569444,
			0.2842631351039261
		]
	]
}