{
	"qr":[
		[
			0.7420970775462962,
			0.6429404830638952
		],
		[
			0.8093578197337962,
			0.6691084488067743
		]
	],
	"box":[
		[
			0.7077365451388888,
			0.49926626250962275
		],
		[
			0.8480450665509258,
			0.6771134045419552
		]
	]
}