{
	"box":[
		[
			0.7877604166666665,
			3.713322392216504e-2
		],
		[
			0.94140625,
			0.20900822392216498
		]
	],
	"qr":[
		[
			0.83203125,
			0.18817489058883152
		],
		[
			0.8854166666666665,
			0.2263693350332761
		]
	]
}