{
	"qr":[
		[
			0.41421772521219136,
			0.367011082242751
		],
		[
			0.4647186656057099,
			0.3896246311265077
		]
	],
	"box":[
		[
			0.392554012345679,
			0.25818337823967163
		],
		[
			0.49427927276234573,
			0.4029862714908905
		]
	]
}