{
	"qr":[
		[
			0.10651011525848765,
			0.26915936938670787
		],
		[
			0.24016957224151234,
			0.42273303181934835
		]
	],
	"box":[
		[
			2.803096064814815e-3,
			6.347029766487165e-3
		],
		[
			0.49082061390817905,
			0.5907007794457276
		]
	]
}