{
	"qr":[
		[
			0.5694429374035493,
			0.2927051257377471
		],
		[
			0.6023265697337963,
			0.3119707467282526
		]
	],
	"box":[
		[
			0.5146017192322531,
			0.1288872049012062
		],
		[
			0.6521719473379629,
			0.33425351231716716
		]
	]
}