{
	"qr":[
		[
			0.7445791739004629,
			0.4993324191685912
		],
		[
			0.803200050636574,
			0.5409690146266358
		]
	],
	"box":[
		[
			0.7087040653935184,
			0.3905468148575827
		],
		[
			0.8350197120949073,
			0.5581336605080831
		]
	]
}