{
	"qr":[
		[
			0.48867308063271603,
			0.1545579933282013
		],
		[
			0.5236062885802469,
			0.1647922279958944
		]
	],
	"box":[
		[
			0.4601447964891975,
			6.623885360533757e-2
		],
		[
			0.5479600694444444,
			0.1792665030792919
		]
	]
}