{
	"qr":[
		[
			0.48705602575231477,
			0.6675507602001539
		],
		[
			0.5604248046875,
			0.7281983737490376
		]
	],
	"box":[
		[
			0.4199037905092592,
			0.3990389241724403
		],
		[
			0.6478135850694444,
			0.7803177925327174
		]
	]
}