{
	"qr":[
		[
			0.5103744695216049,
			0.3588317134975624
		],
		[
			0.5624502676504629,
			0.39212054144213515
		]
	],
	"box":[
		[
			0.4574471932870371,
			0.1650027264562485
		],
		[
			0.6346827377507716,
			0.40183354182704656
		]
	]
}