{
	"qr":[
		[
			0.5597592012381849,
			0.46035879629629634
		],
		[
			0.7211517899124711,
			0.599855324074074
		]
	],
	"box":[
		[
			0.41961109805009,
			0.2607060185185185
		],
		[
			0.9973878962512861,
			0.8013129340277778
		]
	]
}