{
	"qr":[
		[
			0.670678409529321,
			0.3236884943546319
		],
		[
			0.7169671706211419,
			0.3520656915576086
		]
	],
	"box":[
		[
			0.6558265215084876,
			0.24821978444957674
		],
		[
			0.7315327208719136,
			0.367101295868617
		]
	]
}