{
	"qr":[
		[
			0.2643048321759259,
			0.3534690146266358
		],
		[
			0.456348560474537,
			0.5487093437259429
		]
	],
	"box":[
		[
			2.9296875e-3,
			6.8261643571978226e-3
		],
		[
			0.8196478949652777,
			0.6799641551193225
		]
	]
}