{
	"qr":[
		[
			0.3047462745949074,
			0.2973200538876058
		],
		[
			0.39780002170138884,
			0.3684504907621247
		]
	],
	"box":[
		[
			0.2749701605902778,
			7.846179753656661e-2
		],
		[
			0.4726426866319444,
			0.3799617494226328
		]
	]
}