{
	"qr":[
		[
			0.4117250795717592,
			0.4107847382602001
		],
		[
			0.5009675202546295,
			0.4535219399538106
		]
	],
	"box":[
		[
			0.3604781539351852,
			0.17493624903772134
		],
		[
			0.5544026692708333,
			0.4886030119322555
		]
	]
}