{
	"qr":[
		[
			0.30935028452932095,
			0.22860333269181435
		],
		[
			0.3892535927854938,
			0.29809789581729546
		]
	],
	"box":[
		[
			0.16569161120756173,
			6.8081216320247445e-3
		],
		[
			0.5415928216628086,
			0.3633724659994869
		]
	]
}