{
	"qr":[
		[
			0.43206862461419754,
			0.5560988420579934
		],
		[
			0.5114067925347222,
			0.606618472542982
		]
	],
	"box":[
		[
			0.36537452980324076,
			0.3561152809853735
		],
		[
			0.5787413797260802,
			0.625693642545548
		]
	]
}