{
	"qr":[
		[
			0.4053548177083333,
			0.4758047055427252
		],
		[
			0.4804009331597222,
			0.5338661951501155
		]
	],
	"box":[
		[
			0.28983561197916663,
			0.15343533487297922
		],
		[
			0.6254928023726851,
			0.5872666474210931
		]
	]
}