{
	"qr":[
		[
			0.4491886091820988,
			0.5596773158840135
		],
		[
			0.4847095630787037,
			0.5814689183987685
		]
	],
	"box":[
		[
			0.42420187114197533,
			0.48215374005645384
		],
		[
			0.5141797477816358,
			0.5935775917372339
		]
	]
}