{
	"qr":[
		[
			0.5816333912037036,
			0.3799617494226328
		],
		[
			0.6770426432291666,
			0.4255497016936104
		]
	],
	"box":[
		[
			0.549244068287037,
			0.21982654926866818
		],
		[
			0.7106436270254629,
			0.4443321785989222
		]
	]
}