{
	"qr":[
		[
			0.7297498914930555,
			0.3528916474210931
		],
		[
			0.8118580005787036,
			0.41359338914549654
		]
	],
	"box":[
		[
			0.682033962673611,
			0.17831625288683603
		],
		[
			0.8412950303819444,
			0.4148022517321016
		]
	]
}