{
	"qr":[
		[
			0.3198392891589506,
			0.2818995381062357
		],
		[
			0.3778226875964506,
			0.3134743071593535
		]
	],
	"box":[
		[
			0.2945134669174383,
			0.17713144726712868
		],
		[
			0.41033709490740744,
			0.318516246471645
		]
	]
}