{
	"qr":[
		[
			0.4924632884837963,
			0.45555074416217617
		],
		[
			0.5499719690393519,
			0.4747762702078523
		]
	],
	"box":[
		[
			0.4722312644675926,
			0.29940098152424954
		],
		[
			0.5820342640817902,
			0.4801590165511933
		]
	]
}