{
	"qr":[
		[
			0.2554509669174383,
			0.300212904157044
		],
		[
			0.35500608844521603,
			0.35981403964588154
		]
	],
	"box":[
		[
			0.2084840374228395,
			1.694211893764447e-2
		],
		[
			0.4196656780478395,
			0.40317672247883
		]
	]
}