{
	"qr":[
		[
			0.44211305217978397,
			0.3245505356684631
		],
		[
			0.48863540461033944,
			0.34705382345393904
		]
	],
	"box":[
		[
			0.39346577208719136,
			0.15847727418527086
		],
		[
			0.5374032479745371,
			0.37161197716191957
		]
	]
}