{
	"qr":[
		[
			0.45003707320601843,
			0.2604647806004619
		],
		[
			0.5054434317129629,
			0.3097454772902232
		]
	],
	"box":[
		[
			0.3926866319444444,
			0.13022036181678212
		],
		[
			0.5375117549189814,
			0.32502766551193224
		]
	]
}