{
	"qr":[
		[
			0.7896818938078703,
			0.6372911053374393
		],
		[
			0.8775423779899691,
			0.6803029574031307
		]
	],
	"box":[
		[
			0.7348708164544753,
			0.4461985982807289
		],
		[
			0.9257149402006172,
			0.6974435463176804
		]
	]
}