{
	"qr":[
		[
			0.39075309847608025,
			0.5054689504747243
		],
		[
			0.43673291618441357,
			0.529325442648191
		]
	],
	"box":[
		[
			0.3361831476658951,
			0.3611371728252503
		],
		[
			0.4830066068672839,
			0.5392489414934567
		]
	]
}