{
	"qr":[
		[
			0.4108253761574074,
			0.4069115665896843
		],
		[
			0.48284686053240733,
			0.4451922151655119
		]
	],
	"box":[
		[
			0.3338758680555555,
			0.15414501539645878
		],
		[
			0.5868598090277778,
			0.4789561682063125
		]
	]
}