{
	"qr":[
		[
			0.4784704137731482,
			0.2624133949191687
		],
		[
			0.5399275414737654,
			0.2927251732101618
		]
	],
	"box":[
		[
			0.41185920621141975,
			6.38030857069542e-2
		],
		[
			0.6008647400655863,
			0.3272769919168593
		]
	]
}