{
	"qr":[
		[
			0.21846064814814814,
			0.36437483962022077
		],
		[
			0.28107819733796297,
			0.39716248075442667
		]
	],
	"box":[
		[
			0.16722125771604937,
			0.22093517449320002
		],
		[
			0.33221209490740744,
			0.4063442231203491
		]
	]
}