{
	"qr":[
		[
			0.37784378616898145,
			0.12046526173979986
		],
		[
			0.43112069589120366,
			0.14054681485758277
		]
	],
	"box":[
		[
			0.30270272714120366,
			6.7419649730562185e-3
		],
		[
			0.476612232349537,
			0.1641045996920708
		]
	]
}