{
	"qr":[
		[
			0.6228524667245371,
			0.3776663138311523
		],
		[
			0.7051670404128086,
			0.4291782942006673
		]
	],
	"box":[
		[
			0.5923424238040124,
			0.17060599499615103
		],
		[
			0.7480122130594136,
			0.45300471516551205
		]
	]
}