{
	"qr":[
		[
			0.3776358145254629,
			0.8508407909930715
		],
		[
			0.4359130859375,
			0.8895123652809853
		]
	],
	"box":[
		[
			0.3304895471643518,
			0.6677131447267127
		],
		[
			0.5077085141782407,
			0.9025151558891454
		]
	]
}