{
	"qr":[
		[
			0.4513135368441358,
			0.24817968950474736
		],
		[
			0.5196427710262346,
			0.286049364896074
		]
	],
	"box":[
		[
			0.41222843123070985,
			5.0541682704644736e-2
		],
		[
			0.5537923177083333,
			0.30015276173979993
		]
	]
}