{
	"qr":[
		[
			0.5250605830439815,
			0.796698582242751
		],
		[
			0.5689606843171297,
			0.816395223890172
		]
	],
	"box":[
		[
			0.4793897087191358,
			0.6437764626635875
		],
		[
			0.6066743827160493,
			0.8328241275340006
		]
	]
}