{
	"qr":[
		[
			0.45590549045138884,
			0.4171357775211701
		],
		[
			0.5206208405671295,
			0.4509959584295612
		]
	],
	"box":[
		[
			0.4003815827546296,
			0.25484747882986913
		],
		[
			0.5599772135416666,
			0.4623628752886836
		]
	]
}