{
	"qr":[
		[
			0.4476664978780864,
			0.30904381575570966
		],
		[
			0.5138331283757716,
			0.35426088978701575
		]
	],
	"box":[
		[
			0.39057978877314814,
			0.11005260456761623
		],
		[
			0.575440960165895,
			0.3728950153964589
		]
	]
}