{
	"qr":[
		[
			0.5299479166666666,
			0.5458137794777206
		],
		[
			0.6119791666666666,
			0.5909526683666093
		]
	],
	"box":[
		[
			0.47265624999999994,
			0.3270637794777205
		],
		[
			0.65625,
			0.5996332239221649
		]
	]
}