{
	"qr":[
		[
			0.7138897931134258,
			0.5790993071593533
		],
		[
			0.780910915798611,
			0.6155516262509622
		]
	],
	"box":[
		[
			0.653713650173611,
			0.4003199576597382
		],
		[
			0.840137622974537,
			0.6589924942263279
		]
	]
}