{
	"qr":[
		[
			0.3725631148726852,
			0.37554729599692066
		],
		[
			0.4680537471064814,
			0.43496800423402615
		]
	],
	"box":[
		[
			0.30844003182870366,
			0.15627405696689758
		],
		[
			0.5281937210648148,
			0.458447603926097
		]
	]
}