{
	"qr":[
		[
			0.7809862678433641,
			0.29808787208108817
		],
		[
			0.8335744598765432,
			0.32948221388247384
		]
	],
	"box":[
		[
			0.7585464289158951,
			0.19970490120605605
		],
		[
			0.8644687982253086,
			0.3504318225558123
		]
	]
}