{
	"qr":[
		[
			0.6811674141589507,
			0.449987570567103
		],
		[
			0.7317813826195988,
			0.474174846035412
		]
	],
	"box":[
		[
			0.6537995515046297,
			0.34199183666923283
		],
		[
			0.759985652970679,
			0.48526109828072894
		]
	]
}