{
	"qr":[
		[
			0.6715811270254629,
			0.4307700635103926
		],
		[
			0.7556694878472222,
			0.46691565627405696
		]
	],
	"box":[
		[
			0.6374873408564814,
			0.2691553598922248
		],
		[
			0.7892885561342592,
			0.4742169457274827
		]
	]
}