{
	"qr":[
		[
			0.5274477358217592,
			0.34860349307159355
		],
		[
			0.632279007523148,
			0.4164561682063125
		]
	],
	"box":[
		[
			0.4390417028356481,
			6.730537913779829e-2
		],
		[
			0.721024124710648,
			0.43929825827559654
		]
	]
}