{
	"qr":[
		[
			0.5263084129050926,
			0.3073578233256351
		],
		[
			0.5842737268518517,
			0.3438341993841416
		]
	],
	"box":[
		[
			0.47235785590277773,
			0.1136330831408776
		],
		[
			0.6531349464699073,
			0.3702848344880677
		]
	]
}