{
	"qr":[
		[
			0.8298068576388888,
			0.36543735565819874
		],
		[
			0.8760428722993827,
			0.3910580254041572
		]
	],
	"box":[
		[
			0.7753197940779321,
			0.20118841416474223
		],
		[
			0.9378616898148149,
			0.41015324287913796
		]
	]
}