{
	"qr":[
		[
			7.552083333333331e-2,
			0.4537998905888316
		],
		[
			0.13151041666666666,
			0.48678600169994257
		]
	],
	"box":[
		[
			4.2968749999999986e-2,
			0.3183832239221649
		],
		[
			0.16536458333333334,
			0.49893877947772053
		]
	]
}