{
	"qr":[
		[
			0.4939326533564814,
			0.3884117590454195
		],
		[
			0.5619258174189814,
			0.4256940434949961
		]
	],
	"box":[
		[
			0.4632839626736111,
			0.1973032140107775
		],
		[
			0.5995325159143517,
			0.4391298595073133
		]
	]
}