{
	"qr":[
		[
			0.4449553313078703,
			0.42130364703618167
		],
		[
			0.524269386574074,
			0.453588096612779
		]
	],
	"box":[
		[
			0.3995587384259259,
			0.22561224980754424
		],
		[
			0.5817735460069444,
			0.47801794649730556
		]
	]
}