{
	"qr":[
		[
			0.4765941478587963,
			0.5129466576853992
		],
		[
			0.5378704306520061,
			0.5509165704387992
		]
	],
	"box":[
		[
			0.4427083333333333,
			0.39220073133179384
		],
		[
			0.5631962528935185,
			0.5539036438285861
		]
	]
}