{
	"box":[
		[
			0.44270833333333337,
			0.30102211281105373
		],
		[
			0.5572916666666666,
			0.4503276683666094
		]
	],
	"qr":[
		[
			0.47265624999999994,
			0.413869335033276
		],
		[
			0.5234375,
			0.4399110016999427
		]
	]
}