{
	"box":[
		[
			2.4739583333333332e-2,
			1.9193409107350116e-2
		],
		[
			0.9921875,
			0.7744017424406835
		]
	],
	"qr":[
		[
			0.32421875,
			0.20322118688512794
		],
		[
			0.7630208333333334,
			0.6563461868851279
		]
	]
}