{
	"qr":[
		[
			0.2361909842785494,
			0.3041422087503209
		],
		[
			0.2834743923611111,
			0.322034577880421
		]
	],
	"box":[
		[
			0.20949375482253085,
			0.2069119675391328
		],
		[
			0.3042037398726852,
			0.32888078971003354
		]
	]
}