{
	"qr":[
		[
			0.20963541666666666,
			0.13782766836660934
		],
		[
			0.2591145833333333,
			0.15692489058883163
		]
	],
	"box":[
		[
			0.15234375,
			3.0188779477720355e-2
		],
		[
			0.30729166666666663,
			0.18470266836660934
		]
	]
}