{
	"qr":[
		[
			0.6542878327546295,
			0.4278170708237105
		],
		[
			0.7392442491319444,
			0.470554272517321
		]
	],
	"box":[
		[
			0.6120424623842592,
			0.23800760200153961
		],
		[
			0.7764847366898148,
			0.49025091416474204
		]
	]
}