{
	"qr":[
		[
			0.5408664279513888,
			0.38651125866050806
		],
		[
			0.6037416811342592,
			0.43315170323325636
		]
	],
	"box":[
		[
			0.45009132667824064,
			0.14191806197074675
		],
		[
			0.6556939019097222,
			0.463487538491147
		]
	]
}