{
	"box":[
		[
			0.67578125,
			1.1091557255498371e-2
		],
		[
			1.0,
			0.2628276683666093
		]
	],
	"qr":[
		[
			0.7473958333333334,
			0.11352211281105384
		],
		[
			0.9049479166666666,
			0.20900822392216498
		]
	]
}