{
	"box":[
		[
			0.47526041666666674,
			0.287133223922165
		],
		[
			0.58203125,
			0.42081377947772053
		]
	],
	"qr":[
		[
			0.50390625,
			0.3965082239221649
		],
		[
			0.5403645833333334,
			0.4294943350332761
		]
	]
}