{
	"qr":[
		[
			0.36031840760030864,
			0.2963838369258405
		],
		[
			0.43045609085648145,
			0.34325482743135755
		]
	],
	"box":[
		[
			0.27816207320601855,
			5.0742157428791484e-2
		],
		[
			0.5133508752893519,
			0.37822764305876333
		]
	]
}