{
	"qr":[
		[
			0.4311161747685185,
			0.3589179176289453
		],
		[
			0.4676106770833333,
			0.3947267128560431
		]
	],
	"box":[
		[
			0.4049433955439814,
			0.27489896073903003
		],
		[
			0.4932996961805555,
			0.39890661085450346
		]
	]
}