{
	"qr":[
		[
			0.5037208839699074,
			0.3412901751347191
		],
		[
			0.5690963179976852,
			0.3708702206825764
		]
	],
	"box":[
		[
			0.42702003761574076,
			0.1123079452142675
		],
		[
			0.6681993272569444,
			0.40272565434949975
		]
	]
}