{
	"qr":[
		[
			0.4361979166666666,
			0.4184989646629057
		],
		[
			0.578125,
			0.4931517424406835
		]
	],
	"box":[
		[
			0.3020833333333333,
			3.3082297996238845e-2
		],
		[
			0.7044270833333334,
			0.5556517424406834
		]
	]
}