{
	"qr":[
		[
			0.4869791666666667,
			0.3860915572554983
		],
		[
			0.64453125,
			0.5093554461443871
		]
	],
	"box":[
		[
			0.3424479166666667,
			4.060544614438702e-2
		],
		[
			0.86328125,
			0.7090082239221649
		]
	]
}