{
	"qr":[
		[
			0.49218749999999994,
			0.4173415572554983
		],
		[
			0.5221354166666666,
			0.4399110016999427
		]
	],
	"box":[
		[
			0.4609375,
			0.3131748905888317
		],
		[
			0.5598958333333334,
			0.4347026683666095
		]
	]
}