{
	"qr":[
		[
			0.47690610532407396,
			0.3262124711316397
		],
		[
			0.5296630859375,
			0.35540560046189373
		]
	],
	"box":[
		[
			0.4336796513310185,
			0.19365858352578905
		],
		[
			0.5672471788194444,
			0.36341657043879905
		]
	]
}