{
	"qr":[
		[
			0.2942120587384259,
			0.6051951020015396
		],
		[
			0.3645290798611111,
			0.6370886258660508
		]
	],
	"box":[
		[
			0.2723524305555555,
			0.47012124711316394
		],
		[
			0.3990659360532407,
			0.6555282909930716
		]
	]
}