{
	"qr":[
		[
			0.7702109254436729,
			0.28182937195278435
		],
		[
			0.8285861545138888,
			0.3100261419040289
		]
	],
	"box":[
		[
			0.7383294753086419,
			0.163509189761355
		],
		[
			0.8535578221450617,
			0.32322740248909426
		]
	]
}