{
	"qr":[
		[
			0.3607087311921296,
			0.5452752117013087
		],
		[
			0.43048321759259256,
			0.6062355658198614
		]
	],
	"box":[
		[
			0.26354528356481477,
			0.25081192263279445
		],
		[
			0.554909035011574,
			0.6332876250962278
		]
	]
}