{
	"qr":[
		[
			0.5338089554398149,
			0.37112081408775993
		],
		[
			0.5946029851466049,
			0.4086196112394151
		]
	],
	"box":[
		[
			0.5081666546103395,
			0.26879851488324363
		],
		[
			0.6213454258294753,
			0.41557608416730835
		]
	]
}