{
	"qr":[
		[
			0.6251349994675123,
			0.45753399884259255
		],
		[
			0.6553088152850116,
			0.5223849826388889
		]
	],
	"box":[
		[
			0.6237334702731161,
			0.43781467013888886
		],
		[
			0.7115144706066744,
			0.5414966724537037
		]
	]
}