{
	"qr":[
		[
			0.18294722945601852,
			0.24647565434949972
		],
		[
			0.277197567033179,
			0.29181301321529396
		]
	],
	"box":[
		[
			0.1179560908564815,
			2.597350526045688e-2
		],
		[
			0.3443814501350309,
			0.3118705093661792
		]
	]
}