{
	"qr":[
		[
			0.4929982880015432,
			0.43251619835771116
		],
		[
			0.5696840639467593,
			0.48363725301514
		]
	],
	"box":[
		[
			0.40427125530478397,
			0.15458806453682328
		],
		[
			0.6748303071952161,
			0.5237321978444959
		]
	]
}