{
	"qr":[
		[
			0.45709906684027773,
			0.502983063895304
		],
		[
			0.4986120153356481,
			0.5234916281755196
		]
	],
	"box":[
		[
			0.4489067925347222,
			0.42184492879137797
		],
		[
			0.5155571831597222,
			0.5229323036951501
		]
	]
}