{
	"qr":[
		[
			0.47750289351851843,
			0.4648768283294842
		],
		[
			0.5697654441550926,
			0.5652003945342571
		]
	],
	"box":[
		[
			0.33514630353009256,
			0.1239535219399538
		],
		[
			0.7365225332754629,
			0.6267260873749038
		]
	]
}