{
	"qr":[
		[
			0.5179548852237654,
			0.3872189344367463
		],
		[
			0.5659616729359568,
			0.41112554529124984
		]
	],
	"box":[
		[
			0.4938120900848766,
			0.2918831793687453
		],
		[
			0.5938042534722222,
			0.42287336412625104
		]
	]
}