{
	"qr":[
		[
			0.49898877555941357,
			0.7646927925327176
		],
		[
			0.571484977816358,
			0.8035247465999488
		]
	],
	"box":[
		[
			0.3410810305748457,
			0.3392052380035926
		],
		[
			0.7017535927854938,
			0.8427877213240955
		]
	]
}