{
	"qr":[
		[
			0.4545491536458333,
			0.2727398479599692
		],
		[
			0.5508174189814814,
			0.3701224499615088
		]
	],
	"box":[
		[
			0.32865397135416663,
			7.770400307929198e-3
		],
		[
			0.6910490813078703,
			0.4208285219399538
		]
	]
}