{
	"qr":[
		[
			0.42968749999999994,
			0.2906054461443872
		],
		[
			0.6106770833333334,
			0.45553600169994274
		]
	],
	"box":[
		[
			0.22786458333333326,
			4.40776683666094e-2
		],
		[
			0.8333333333333331,
			0.7194248905888315
		]
	]
}