{
	"qr":[
		[
			0.514405803915895,
			0.881208702206826
		],
		[
			0.578198845003858,
			0.9190884013343599
		]
	],
	"box":[
		[
			0.4655173972800926,
			0.730842635360534
		],
		[
			0.6295512635030863,
			0.923879747241468
		]
	]
}