{
	"qr":[
		[
			0.39895140094521603,
			0.13625465101360032
		],
		[
			0.47854576581790126,
			0.20381463305106506
		]
	],
	"box":[
		[
			0.3383834273726852,
			6.35705350269449e-3
		],
		[
			0.5383602189429013,
			0.20816493456505017
		]
	]
}