{
	"qr":[
		[
			0.3443603515625,
			0.12888520015396457
		],
		[
			0.4310619212962963,
			0.1961785508083141
		]
	],
	"box":[
		[
			0.2585358796296296,
			4.252068899153217e-3
		],
		[
			0.5201325593171295,
			0.2361431870669746
		]
	]
}