{
	"qr":[
		[
			0.30924027054398145,
			0.48958333333333326
		],
		[
			0.35416666666666663,
			0.5096889434180139
		]
	],
	"box":[
		[
			0.3000397858796296,
			0.41218605658198615
		],
		[
			0.36437536168981477,
			0.5137966705157814
		]
	]
}