{
	"qr":[
		[
			0.48664460358796285,
			0.12467523094688221
		],
		[
			0.5848117404513888,
			0.2010260296381832
		]
	],
	"box":[
		[
			0.4254331235532407,
			5.71352963818324e-3
		],
		[
			0.6752794053819444,
			0.26823518090839105
		]
	]
}