{
	"qr":[
		[
			0.6469048394097222,
			0.745186601873236
		],
		[
			0.7017385223765432,
			0.7780845041057225
		]
	],
	"box":[
		[
			0.5881679205246914,
			0.5996519758788813
		],
		[
			0.7429711612654321,
			0.8005076020015398
		]
	]
}