{
	"qr":[
		[
			0.4518229166666667,
			0.3785684091073501
		],
		[
			0.6328125,
			0.5747489646629057
		]
	],
	"box":[
		[
			0.30078125,
			3.3082297996238845e-2
		],
		[
			0.7513020833333334,
			0.6042628535517945
		]
	]
}