{
	"qr":[
		[
			0.37276656539351855,
			0.37591215999486793
		],
		[
			0.4604085286458333,
			0.42670243135745456
		]
	],
	"box":[
		[
			0.3095537350501543,
			8.1214315499102e-2
		],
		[
			0.534253532503858,
			0.4768612073389788
		]
	]
}