{
	"qr":[
		[
			0.6005949797453703,
			0.3541365954580446
		],
		[
			0.6574390552662036,
			0.3982330157813702
		]
	],
	"box":[
		[
			0.5633635344328703,
			0.24830398383371824
		],
		[
			0.6958324291087962,
			0.40533583525789063
		]
	]
}