{
	"qr":[
		[
			0.3646149811921296,
			0.3138892898383372
		],
		[
			0.547168872974537,
			0.5168879907621247
		]
	],
	"box":[
		[
			0.14585141782407404,
			4.7626780215550446e-2
		],
		[
			0.7723026982060184,
			0.7407921959199384
		]
	]
}