{
	"qr":[
		[
			0.37530743634259256,
			0.318941252886836
		],
		[
			0.44950810185185175,
			0.3601147517321016
		]
	],
	"box":[
		[
			0.3233461733217592,
			0.1100546093148576
		],
		[
			0.48947030526620366,
			0.3797993648960739
		]
	]
}