{
	"qr":[
		[
			0.4066026475694444,
			0.7529349499615088
		],
		[
			0.5197618272569444,
			0.8329965357967667
		]
	],
	"box":[
		[
			0.2805899160879629,
			0.3792460546574288
		],
		[
			0.6576289424189814,
			0.8913527232486527
		]
	]
}