{
	"qr":[
		[
			0.5225890359760802,
			0.3238288266615347
		],
		[
			0.5655246310763888,
			0.34665287400564554
		]
	],
	"box":[
		[
			0.5082118658371914,
			0.24031105658198626
		],
		[
			0.5914306640625,
			0.351103412881704
		]
	]
}