{
	"qr":[
		[
			0.592041015625,
			0.8159441557608418
		],
		[
			0.6706934799382716,
			0.8475489960225816
		]
	],
	"box":[
		[
			0.5525188681520061,
			0.6117205542725175
		],
		[
			0.7135311173804012,
			0.8662432640492688
		]
	]
}