{
	"qr":[
		[
			0.8435209297839507,
			4.332459263536067e-2
		],
		[
			0.9306580343364198,
			0.10004891583269192
		]
	],
	"box":[
		[
			0.6929524739583333,
			5.92603284577895e-3
		],
		[
			0.997630931712963,
			0.15220241531947667
		]
	]
}