{
	"qr":[
		[
			0.49609374999999994,
			0.11004989058883147
		],
		[
			0.6145833333333334,
			0.18643877947772053
		]
	],
	"box":[
		[
			0.43359375,
			4.147112811053688e-3
		],
		[
			0.7330729166666666,
			0.2489387794777204
		]
	]
}