{
	"qr":[
		[
			0.44478804976851843,
			0.43915391647421087
		],
		[
			0.5374981915509258,
			0.5462074191685912
		]
	],
	"box":[
		[
			0.3428819444444444,
			0.13109844110854504
		],
		[
			0.666675708912037,
			0.6544998556581986
		]
	]
}