{
	"qr":[
		[
			0.41745334201388884,
			0.3949011258660508
		],
		[
			0.4720775462962962,
			0.4136234603541185
		]
	],
	"box":[
		[
			0.3857241030092592,
			0.2529048787528868
		],
		[
			0.5288990162037036,
			0.4212374903772132
		]
	]
}