{
	"box":[
		[
			0.48046875,
			0.21595266836660937
		],
		[
			0.6145833333333334,
			0.3756748905888316
		]
	],
	"qr":[
		[
			0.5247395833333333,
			0.35484155725549826
		],
		[
			0.5703125,
			0.38261933503327616
		]
	]
}