{
	"qr":[
		[
			0.39975314670138884,
			0.3257012605850654
		],
		[
			0.45824743200231477,
			0.36024706505003845
		]
	],
	"box":[
		[
			0.3536241319444444,
			0.19896915896843725
		],
		[
			0.47985387731481477,
			0.3752104984603541
		]
	]
}