{
	"qr":[
		[
			0.42304144965277773,
			0.6380930042340263
		],
		[
			0.46884795765817905,
			0.6547324063382091
		]
	],
	"box":[
		[
			0.4068407600308642,
			0.536983577110598
		],
		[
			0.49299075279706794,
			0.6581705478573263
		]
	]
}