{
	"qr":[
		[
			0.6679883415316358,
			0.7029365537593021
		],
		[
			0.7567003038194444,
			0.7282665351552478
		]
	],
	"box":[
		[
			0.6419089988425927,
			0.5609302829099309
		],
		[
			0.7829755618248457,
			0.7489254554785734
		]
	]
}