{
	"qr":[
		[
			0.24928114149305555,
			0.18880509045419552
		],
		[
			0.2953739872685185,
			0.2198746632024634
		]
	],
	"box":[
		[
			0.19879828559027776,
			5.746006543494998e-2
		],
		[
			0.3394006799768518,
			0.23322026558891454
		]
	]
}