{
	"box":[
		[
			0.21744791666666666,
			2.0929520218461232e-2
		],
		[
			0.84765625,
			0.5764850757740168
		]
	],
	"qr":[
		[
			0.40234375,
			0.267457297996239
		],
		[
			0.6653645833333334,
			0.5139850757740168
		]
	]
}