{
	"qr":[
		[
			0.3543279200424383,
			0.2447215005132154
		],
		[
			0.4231092664930555,
			0.27720842956120106
		]
	],
	"box":[
		[
			0.30968936873070985,
			6.973713754169884e-2
		],
		[
			0.4733841507523149,
			0.3109082306902747
		]
	]
}