{
	"qr":[
		[
			0.46260880835262347,
			0.33611792725173223
		],
		[
			0.5068103178047839,
			0.3620593565563255
		]
	],
	"box":[
		[
			0.42711799527391975,
			0.23510873749037733
		],
		[
			0.5312545211226852,
			0.37717515075699265
		]
	]
}