{
	"qr":[
		[
			0.4941496672453703,
			0.3555258852963818
		],
		[
			0.6370668764467592,
			0.5784497690531177
		]
	],
	"box":[
		[
			0.3121202256944444,
			9.590911277906083e-2
		],
		[
			0.8599446614583333,
			0.7428370381062356
		]
	]
}