{
	"qr":[
		[
			0.41314772617669754,
			0.2606893122915064
		],
		[
			0.4673936631944444,
			0.28839491916859133
		]
	],
	"box":[
		[
			0.3330183617862654,
			3.9114623428278254e-2
		],
		[
			0.5354667004243827,
			0.3164814280215551
		]
	]
}