{
	"qr":[
		[
			0.46937843605324064,
			0.4864739703618168
		],
		[
			0.5172526041666666,
			0.5020087567359507
		]
	],
	"box":[
		[
			0.45736129195601843,
			0.3934998075442648
		],
		[
			0.5364718967013888,
			0.5156490569668976
		]
	]
}