{
	"qr":[
		[
			0.4812207634066358,
			0.42383564280215563
		],
		[
			0.5250304422260802,
			0.451821914293046
		]
	],
	"box":[
		[
			0.45936867042824076,
			0.34665287400564554
		],
		[
			0.5543499228395061,
			0.4539970650500386
		]
	]
}