{
	"qr":[
		[
			0.44965277777777773,
			0.38864615483539106
		],
		[
			0.5625,
			0.44072948816872437
		]
	],
	"box":[
		[
			0.3744212962962963,
			4.335294495884787e-2
		],
		[
			0.6116898148148148,
			0.4310844264403293
		]
	]
}