{
	"qr":[
		[
			0.49824128327546285,
			0.4648948710546574
		],
		[
			0.580982349537037,
			0.5116916859122401
		]
	],
	"box":[
		[
			0.4448061342592592,
			0.21918302540415704
		],
		[
			0.6301586009837962,
			0.5386234603541185
		]
	]
}