{
	"qr":[
		[
			7.83962673611111e-2,
			0.30007257185014125
		],
		[
			0.1470193745177469,
			0.3213730112907366
		]
	],
	"box":[
		[
			3.218285831404321e-2,
			0.14292043559148077
		],
		[
			0.1981005256558642,
			0.3270564697202978
		]
	]
}