{
	"box":[
		[
			0.328125,
			5.7966557255498125e-2
		],
		[
			0.7955729166666666,
			0.7298415572554983
		]
	],
	"qr":[
		[
			0.4674479166666667,
			0.3149110016999427
		],
		[
			0.6796875,
			0.5319248905888315
		]
	]
}