{
	"qr":[
		[
			0.430103443287037,
			0.4302107390300231
		],
		[
			0.49179416232638884,
			0.4724848441108545
		]
	],
	"box":[
		[
			0.3677571614583333,
			0.24408198614318707
		],
		[
			0.5529152199074073,
			0.4979792147806005
		]
	]
}