{
	"qr":[
		[
			0.5012267312885802,
			0.3750400949448295
		],
		[
			0.5693826557677469,
			0.417400404157044
		]
	],
	"box":[
		[
			0.4418191792052469,
			0.20496736271490903
		],
		[
			0.6200719762731481,
			0.43794906338208894
		]
	]
}