{
	"qr":[
		[
			0.808620876736111,
			0.47181124903772126
		],
		[
			0.8905933521412035,
			0.505292532717475
		]
	],
	"box":[
		[
			0.7588749638310184,
			0.2998700923787529
		],
		[
			0.9423918547453702,
			0.5202078521939953
		]
	]
}