{
	"qr":[
		[
			0.5916943962191358,
			0.4406454484218631
		],
		[
			0.6274489414544753,
			0.4630986175263024
		]
	],
	"box":[
		[
			0.5475682388117283,
			0.295421558249936
		],
		[
			0.6787636839313271,
			0.4681606043110086
		]
	]
}