{
	"qr":[
		[
			0.187427662037037,
			0.4745116435719784
		],
		[
			0.24980559172453698,
			0.5235156851424172
		]
	],
	"box":[
		[
			0.1314923321759259,
			0.3152906081601231
		],
		[
			0.3287624782986111,
			0.5592402809853734
		]
	]
}