{
	"qr":[
		[
			0.5779501832561728,
			0.5900492365922506
		],
		[
			0.6385482976466049,
			0.6265456601231717
		]
	],
	"box":[
		[
			0.5409975405092593,
			0.4489952206825764
		],
		[
			0.6758400245949074,
			0.641070053887606
		]
	]
}