{
	"box":[
		[
			0.8398437499999999,
			0.38261933503327616
		],
		[
			0.9908854166666666,
			0.5128276683666093
		]
	],
	"qr":[
		[
			0.9010416666666666,
			0.49025822392216495
		],
		[
			0.9427083333333334,
			0.5215082239221648
		]
	]
}