{
	"qr":[
		[
			0.4144136405285494,
			0.56066966576854
		],
		[
			0.47770182291666663,
			0.5943293719527842
		]
	],
	"box":[
		[
			0.401709285783179,
			0.46361985180908405
		],
		[
			0.5089729214891975,
			0.6065182351809084
		]
	]
}