{
	"qr":[
		[
			0.4570026162229938,
			0.9663102226071338
		],
		[
			0.5048511646412037,
			0.9829496247113165
		]
	],
	"box":[
		[
			0.43035059799382713,
			0.8414545644085194
		],
		[
			0.531103817033179,
			0.9922115569668978
		]
	]
}