{
	"qr":[
		[
			0.451587818287037,
			0.2517802155504234
		],
		[
			0.6702609592013888,
			0.39194211893764436
		]
	],
	"box":[
		[
			6.885669849537036e-3,
			4.258083140877598e-3
		],
		[
			0.9967131438078702,
			0.4859146458814472
		]
	]
}