{
	"qr":[
		[
			0.4175075954861111,
			0.2503608545034642
		],
		[
			0.47614655671296285,
			0.28054031947652036
		]
	],
	"box":[
		[
			0.32538519965277773,
			5.0459488067744656e-3
		],
		[
			0.5705611617476851,
			0.3242578425712086
		]
	]
}