{
	"qr":[
		[
			0.8022129388503085,
			0.45505958108801653
		],
		[
			0.8630898558063271,
			0.5011787913779832
		]
	],
	"box":[
		[
			0.7619222005208333,
			0.3217238420579935
		],
		[
			0.9154143156828703,
			0.5100497979214782
		]
	]
}