{
	"qr":[
		[
			0.5308024088541666,
			0.497570246343341
		],
		[
			0.591213650173611,
			0.5401270207852193
		]
	],
	"box":[
		[
			0.4944616247106481,
			0.39420347382602
		],
		[
			0.6225495515046295,
			0.54117951308699
		]
	]
}