{
	"qr":[
		[
			0.595508716724537,
			0.4918867879137798
		],
		[
			0.6416377314814814,
			0.5337278675904542
		]
	],
	"box":[
		[
			0.5505823206018517,
			0.38969880677444185
		],
		[
			0.6809217664930555,
			0.5303238067744418
		]
	]
}