{
	"qr":[
		[
			0.4939100477430555,
			0.33182776815499115
		],
		[
			0.5419168354552469,
			0.35526326340774966
		]
	],
	"box":[
		[
			0.44989691840277773,
			0.16078273351295883
		],
		[
			0.5910388334297839,
			0.36539726071336937
		]
	]
}