{
	"qr":[
		[
			0.42071759259259256,
			0.19767393261316885
		],
		[
			0.46990740740740733,
			0.228538130144033
		]
	],
	"box":[
		[
			0.38454861111111105,
			8.772022890946513e-2
		],
		[
			0.5060763888888888,
			0.23046714248971203
		]
	]
}