{
	"qr":[
		[
			0.3565266927083333,
			0.22578064857582755
		],
		[
			0.4443404586226851,
			0.31777448999230173
		]
	],
	"box":[
		[
			0.22363733362268515,
			4.065627405696668e-3
		],
		[
			0.5535753038194444,
			0.39132265204003075
		]
	]
}