{
	"qr":[
		[
			0.4437406563464506,
			0.2261475173210163
		],
		[
			0.4952061029128086,
			0.2596368199897358
		]
	],
	"box":[
		[
			0.38388099199459874,
			5.158415127020798e-2
		],
		[
			0.5498438705632716,
			0.2762160796766745
		]
	]
}