{
	"qr":[
		[
			0.10394513165509257,
			0.511078233256351
		],
		[
			0.17044180410879628,
			0.5575262220939183
		]
	],
	"box":[
		[
			3.6078559027777775e-3,
			0.2792953714395689
		],
		[
			0.2806939019097222,
			0.5795624037721323
		]
	]
}