{
	"qr":[
		[
			0.44123896846064814,
			7.645304080061596e-2
		],
		[
			0.5471688729745371,
			0.19739944187836814
		]
	],
	"box":[
		[
			0.2780490451388889,
			5.364703618167931e-3
		],
		[
			0.7212999131944444,
			0.2874125930202721
		]
	]
}