{
	"qr":[
		[
			0.5956428433641975,
			0.8203044810110343
		],
		[
			0.6515314549575618,
			0.8534630003849116
		]
	],
	"box":[
		[
			0.483594352816358,
			0.5351592571208623
		],
		[
			0.7647479021990741,
			0.8829127373620735
		]
	]
}