{
	"qr":[
		[
			0.12876157407407407,
			0.28801401719271247
		],
		[
			0.19461926118827158,
			0.3464423755452914
		]
	],
	"box":[
		[
			8.235978491512346e-3,
			1.260184115986671e-2
		],
		[
			0.32892674575617287,
			0.37003825057736733
		]
	]
}