{
	"qr":[
		[
			0.6707160855516975,
			0.34142048370541456
		],
		[
			0.7254367404513888,
			0.3666101327944574
		]
	],
	"box":[
		[
			0.6352855541087963,
			0.19728918078008736
		],
		[
			0.7717104311342593,
			0.38253784962791904
		]
	]
}