{
	"qr":[
		[
			0.3938304759837963,
			0.2637064568899153
		],
		[
			0.48235857928240733,
			0.3383612394149345
		]
	],
	"box":[
		[
			0.25491898148148145,
			7.373460354118575e-3
		],
		[
			0.5857295283564814,
			0.39905095265588914
		]
	]
}