{
	"qr":[
		[
			0.6946102189429012,
			0.3098256671798821
		],
		[
			0.7419915846836419,
			0.3406687034898641
		]
	],
	"box":[
		[
			0.6647934148341049,
			0.20726279830638966
		],
		[
			0.7794415509259259,
			0.350542083654093
		]
	]
}