{
	"box":[
		[
			1.3020833333333317e-2,
			1.4563779477720355e-2
		],
		[
			0.3606770833333333,
			0.4885221128110538
		]
	],
	"qr":[
		[
			0.12499999999999999,
			0.366994335033276
		],
		[
			0.2565104166666667,
			0.44164711281105384
		]
	]
}