{
	"qr":[
		[
			0.8430838879243827,
			0.3148876539645883
		],
		[
			0.9170343846450617,
			0.35394013022838094
		]
	],
	"box":[
		[
			0.8036823037229938,
			0.1575851616628177
		],
		[
			0.9728702498070988,
			0.37815747690531193
		]
	]
}