{
	"qr":[
		[
			0.4886338975694444,
			0.13778026366435717
		],
		[
			0.5631329571759258,
			0.20063510392609699
		]
	],
	"box":[
		[
			0.4116391782407407,
			4.1377983063895065e-3
		],
		[
			0.6419722945601851,
			0.22605730369515012
		]
	]
}