{
	"qr":[
		[
			0.4314808786651234,
			7.15013151141905e-2
		],
		[
			0.5011438440393519,
			0.1116564023607905
		]
	],
	"box":[
		[
			0.39094147858796297,
			6.44726712856054e-3
		],
		[
			0.5452624662422839,
			0.1207980497818836
		]
	]
}