{
	"qr":[
		[
			0.4762927396797839,
			0.6047239863997949
		],
		[
			0.5499342930169753,
			0.6411402200410573
		]
	],
	"box":[
		[
			0.4404327015817901,
			0.4722502886836029
		],
		[
			0.5900667920524691,
			0.6503019149345652
		]
	]
}