{
	"qr":[
		[
			0.19491916232638887,
			0.3114956216320246
		],
		[
			0.2814534505208333,
			0.37157789645881445
		]
	],
	"box":[
		[
			0.13467972366898145,
			0.13095409930715934
		],
		[
			0.3400698061342592,
			0.38694428406466513
		]
	]
}