{
	"box":[
		[
			0.7226562499999999,
			0.5319248905888315
		],
		[
			0.87109375,
			0.7055360016999427
		]
	],
	"qr":[
		[
			0.7786458333333334,
			0.6742860016999427
		],
		[
			0.8255208333333334,
			0.7090082239221649
		]
	]
}