{
	"qr":[
		[
			0.4503219039351851,
			0.6495441204772902
		],
		[
			0.5296359592013888,
			0.6982354214780601
		]
	],
	"box":[
		[
			0.410011574074074,
			0.46173137990762125
		],
		[
			0.5646294487847222,
			0.7106668591224018
		]
	]
}