{
	"qr":[
		[
			0.4998914930555555,
			0.28716199961508854
		],
		[
			0.5837040653935184,
			0.36787312355658197
		]
	],
	"box":[
		[
			0.3412136501736111,
			6.766021939953811e-3
		],
		[
			0.6478678385416666,
			0.43216536759045415
		]
	]
}