{
	"qr":[
		[
			0.22656249999999997,
			0.14824433503327608
		],
		[
			0.3216145833333333,
			0.21942489058883155
		]
	],
	"box":[
		[
			0.13151041666666666,
			7.619335033275988e-3
		],
		[
			0.4401041666666667,
			0.24199433503327603
		]
	]
}