{
	"qr":[
		[
			1.8988715277777778e-3,
			0.5834415896843725
		],
		[
			8.66337528935185e-2,
			0.6172716993841416
		]
	],
	"box":[
		[
			2.5770399305555556e-4,
			0.4054200346420323
		],
		[
			0.1308865017361111,
			0.6225522036181678
		]
	]
}