{
	"qr":[
		[
			0.6926088686342592,
			0.28459391839876824
		],
		[
			0.775711624710648,
			0.33449408198614317
		]
	],
	"box":[
		[
			0.6173186125578703,
			4.440916089299459e-2
		],
		[
			0.8454544632523148,
			0.37186056581986143
		]
	]
}