{
	"qr":[
		[
			0.6551875361689814,
			0.7509983641262509
		],
		[
			0.7553304036458333,
			0.781280071208622
		]
	],
	"box":[
		[
			0.6362530743634258,
			0.5677323903002309
		],
		[
			0.7736273871527778,
			0.8043206312548113
		]
	]
}