{
	"qr":[
		[
			0.5538375289351852,
			0.2149710514498333
		],
		[
			0.616040641878858,
			0.24449095458044662
		]
	],
	"box":[
		[
			0.5213080512152778,
			3.0975349627919035e-2
		],
		[
			0.6597523630401235,
			0.259937532075956
		]
	]
}