{
	"qr":[
		[
			0.45173249421296285,
			0.4956577174749807
		],
		[
			0.545826099537037,
			0.558638856812933
		]
	],
	"box":[
		[
			0.4070638020833333,
			0.3075562933025404
		],
		[
			0.617969654224537,
			0.5669445246343341
		]
	]
}