{
	"qr":[
		[
			0.38098747347608025,
			0.5722571048242239
		],
		[
			0.4406436873070988,
			0.6118709103156276
		]
	],
	"box":[
		[
			0.34747088396990744,
			0.44365256928406477
		],
		[
			0.47914104697145055,
			0.6186168847831668
		]
	]
}