{
	"qr":[
		[
			0.12779706790123457,
			0.3318377918911985
		],
		[
			0.1708984375,
			0.36000449063382106
		]
	],
	"box":[
		[
			0.11202588493441358,
			0.2454432095201438
		],
		[
			0.18672990210262344,
			0.36787312355658214
		]
	]
}