{
	"qr":[
		[
			0.5022063078703705,
			0.4790163106235567
		],
		[
			0.5497233072916666,
			0.504306197074673
		]
	],
	"box":[
		[
			0.4756371768904321,
			0.3604555587631513
		],
		[
			0.5717939211998457,
			0.5139791025147551
		]
	]
}