{
	"qr":[
		[
			4.8918547453703706e-2,
			0.2934067872722608
		],
		[
			9.333104263117284e-2,
			0.3260039774185272
		]
	],
	"box":[
		[
			1.070752555941358e-2,
			0.1821032204259688
		],
		[
			0.13653790509259262,
			0.3282693418013858
		]
	]
}