{
	"qr":[
		[
			0.1440354335455247,
			0.3926417757249167
		],
		[
			0.18924666039737656,
			0.4123183698999232
		]
	],
	"box":[
		[
			0.11026264708719136,
			0.2829520304080063
		],
		[
			0.2244209948881173,
			0.43225558121632035
		]
	]
}