{
	"qr":[
		[
			0.5221354166666666,
			0.38261933503327616
		],
		[
			0.5768229166666666,
			0.413869335033276
		]
	],
	"box":[
		[
			0.45312499999999994,
			0.1360915572554982
		],
		[
			0.6705729166666666,
			0.4190776683666093
		]
	]
}