{
	"qr":[
		[
			0.26852303964120366,
			0.43060767898383373
		],
		[
			0.46320710358796285,
			0.5875673595073133
		]
	],
	"box":[
		[
			4.869249131944444e-3,
			9.664886451116265e-3
		],
		[
			0.9945384837962962,
			0.7056088818321785
		]
	]
}