{
	"qr":[
		[
			0.3418149594907407,
			0.3035267513471901
		],
		[
			0.3872793692129629,
			0.3500950250192455
		]
	],
	"box":[
		[
			0.3019341362847222,
			0.18753007120862203
		],
		[
			0.44567418981481477,
			0.37534882602001535
		]
	]
}