{
	"box":[
		[
			0.5173389316134982,
			0.23539010925711631
		],
		[
			0.6874778205023871,
			0.5851843479402439
		]
	],
	"qr":[
		[
			0.553541256374783,
			0.504937434359997
		],
		[
			0.65307829341182,
			0.5584353767468282
		]
	]
}