{
	"box":[
		[
			0.38541666666666663,
			5.966240944359116e-3
		],
		[
			0.84375,
			0.40102796933942086
		]
	],
	"qr":[
		[
			0.4884259259259258,
			0.10473167304312463
		],
		[
			0.7291666666666666,
			0.2878592450595855
		]
	]
}