{
	"box":[
		[
			0.787037037037037,
			0.12119257839291891
		],
		[
			0.9687500000000001,
			0.4113160351830423
		]
	],
	"qr":[
		[
			0.8541666666666666,
			0.33106912160279545
		],
		[
			0.9236111111111112,
			0.3989703561706967
		]
	]
}