{
	"qr":[
		[
			0.380787037037037,
			1.8510146069104394e-3
		],
		[
			0.5196759259259259,
			0.19732426563571723
		]
	],
	"box":[
		[
			0.2754629629629629,
			1.0081467281807898e-2
		],
		[
			0.5891203703703703,
			0.24670698168509986
		]
	]
}