{
	"qr":[
		[
			0.48611111111111105,
			0.5656370228373633
		],
		[
			0.673611111111111,
			0.6726329076110258
		]
	],
	"box":[
		[
			0.39351851851851843,
			2.8599985800326314e-2
		],
		[
			0.7476851851851851,
			0.7796287923846883
		]
	]
}