{
	"qr":[
		[
			0.3634259259259258,
			0.28580163189086133
		],
		[
			0.7060185185185186,
			0.6150197388867459
		]
	],
	"box":[
		[
			0.18981481481481477,
			5.966240944359116e-3
		],
		[
			0.8622685185185185,
			0.8125506030842768
		]
	]
}