{
	"qr":[
		[
			0.44444444444444436,
			0.27345595287851554
		],
		[
			0.6851851851851851,
			0.42777694053283655
		]
	],
	"box":[
		[
			0.36458333333333326,
			5.966240944359116e-3
		],
		[
			0.7731481481481483,
			0.5244847594628776
		]
	]
}