{
	"qr":[
		[
			0.4826388888888888,
			0.13353825740526445
		],
		[
			0.6574074074074073,
			0.27962879238468846
		]
	],
	"box":[
		[
			0.37847222222222215,
			1.0081467281807898e-2
		],
		[
			0.7685185185185185,
			0.40102796933942086
		]
	]
}