{
	"qr":[
		[
			0.3842592592592592,
			0.2652255002036185
		],
		[
			0.7546296296296297,
			0.8002049240719311
		]
	],
	"box":[
		[
			0.29976851851851843,
			1.4196693619256155e-2
		],
		[
			0.9212962962962963,
			0.9936205619320135
		]
	]
}