{
	"qr":[
		[
			0.26388888888888884,
			5.966240944359116e-3
		],
		[
			0.5474537037037037,
			0.20143949197316574
		]
	],
	"box":[
		[
			0.16203703703703698,
			3.908627775634778e-3
		],
		[
			0.6203703703703703,
			0.38250945082090243
		]
	]
}