{
	"box":[
		[
			0.318287037037037,
			5.966240944359116e-3
		],
		[
			0.6481481481481481,
			0.2672831133723427
		]
	],
	"qr":[
		[
			0.40277777777777773,
			0.10473167304312463
		],
		[
			0.545138888888889,
			0.21790039732296002
		]
	]
}