{
	"box":[
		[
			0.11921296296296298,
			2.8599985800326314e-2
		],
		[
			0.4270833333333332,
			0.526542372631602
		]
	],
	"qr":[
		[
			0.19907407407407404,
			0.38250945082090243
		],
		[
			0.33333333333333326,
			0.4606987512324251
		]
	]
}