{
	"box":[
		[
			0.36458333333333326,
			4.094566481267208e-2
		],
		[
			0.5925925925925926,
			0.5512337306562933
		]
	],
	"qr":[
		[
			0.40509259259259256,
			0.4092584220143181
		],
		[
			0.5277777777777778,
			0.48333249608839207
		]
	]
}