{
	"box":[
		[
			0.3275462962962962,
			5.966240944359116e-3
		],
		[
			0.6550925925925924,
			0.4113160351830423
		]
	],
	"qr":[
		[
			0.40393518518518506,
			0.18292097345464733
		],
		[
			0.5509259259259259,
			0.33106912160279545
		]
	]
}