{
	"qr":[
		[
			0.2962741167986834,
			0.5008222080225483
		],
		[
			0.37034819087275755,
			0.5646082162530011
		]
	],
	"box":[
		[
			0.23840374642831305,
			0.2662543067879805
		],
		[
			0.42937596865053523,
			0.5687234425904496
		]
	]
}