{
	"box":[
		[
			0.2800925925925925,
			1.0081467281807898e-2
		],
		[
			0.599537037037037,
			0.49979340143818635
		]
	],
	"qr":[
		[
			0.3668981481481481,
			0.3454724137838654
		],
		[
			0.4976851851851852,
			0.4792172697509436
		]
	]
}