{
	"box":[
		[
			0.4537037037037036,
			1.0081467281807898e-2
		],
		[
			0.9803240740740742,
			0.5697522491748118
		]
	],
	"qr":[
		[
			0.5578703703703703,
			0.26934072654106705
		],
		[
			0.8206018518518517,
			0.4853901092571164
		]
	]
}