{
	"qr":[
		[
			0.380787037037037,
			5.966240944359116e-3
		],
		[
			0.5,
			3.4772825306499014e-2
		]
	],
	"box":[
		[
			0.2974537037037036,
			5.966240944359116e-3
		],
		[
			0.5983796296296297,
			0.10267405987440029
		]
	]
}