{
	"qr":[
		[
			0.5844907407407407,
			0.4216041010266637
		],
		[
			0.7743055555555555,
			0.5738674755122602
		]
	],
	"box":[
		[
			0.4988425925925926,
			2.2427146294153245e-2
		],
		[
			0.8692129629629628,
			0.6232501915616432
		]
	]
}