{
	"box":[
		[
			0.16898148148148143,
			1.8510146069104394e-3
		],
		[
			0.5115740740740741,
			0.23436130267275432
		]
	],
	"qr":[
		[
			0.24652777777777773,
			7.592508868098462e-2
		],
		[
			0.41319444444444436,
			0.18909381296082003
		]
	]
}