{
	"qr":[
		[
			0.5324074074074073,
			0.24259175534765134
		],
		[
			0.763888888888889,
			0.45452591172625223
		]
	],
	"box":[
		[
			0.4513888888888888,
			1.2139080450531815e-2
		],
		[
			0.8888888888888891,
			0.5574065701624662
		]
	]
}