{
	"qr":[
		[
			0.4652777777777777,
			8.00403150184333e-2
		],
		[
			0.6516203703703703,
			0.2137851709855115
		]
	],
	"box":[
		[
			0.37847222222222215,
			1.8311919956704937e-2
		],
		[
			0.7453703703703703,
			0.2940320845657584
		]
	]
}