{
	"box":[
		[
			0.5185185185185186,
			0.18086336028592293
		],
		[
			0.6678240740740741,
			0.4709868170760465
		]
	],
	"qr":[
		[
			0.5543981481481481,
			0.394855129833248
		],
		[
			0.6377314814814814,
			0.446295459051355
		]
	]
}