{
	"box":[
		[
			0.11111111111111112,
			1.6254306787980597e-2
		],
		[
			0.8726851851851852,
			0.9195464878579394
		]
	],
	"qr":[
		[
			0.3055555555555555,
			0.20966994464806277
		],
		[
			0.7511574074074073,
			0.6479415495863344
		]
	]
}