{
	"qr":[
		[
			0.10995370370370369,
			0.3578180927962111
		],
		[
			0.25115740740740733,
			0.446295459051355
		]
	],
	"box":[
		[
			6.0185185185185175e-2,
			1.2139080450531815e-2
		],
		[
			0.32291666666666663,
			0.5080238541130834
		]
	]
}