{
	"qr":[
		[
			0.28356481481481477,
			0.32901150843407106
		],
		[
			0.41435185185185186,
			0.44835307222007936
		]
	],
	"box":[
		[
			0.20138888888888884,
			1.4196693619256155e-2
		],
		[
			0.5115740740740741,
			0.4689292039073221
		]
	]
}