{
	"qr":[
		[
			0.41435185185185186,
			0.3063777635781041
		],
		[
			0.49652777777777773,
			0.3516452532900382
		]
	],
	"box":[
		[
			0.3842592592592592,
			8.827076769333035e-2
		],
		[
			0.5289351851851851,
			0.4051431956768694
		]
	]
}