{
	"qr":[
		[
			0.42939814814814814,
			0.47715965658221904
		],
		[
			0.5219907407407408,
			0.505966240944359
		]
	],
	"box":[
		[
			0.3842592592592592,
			0.16646006810485284
		],
		[
			0.5555555555555556,
			0.5347728253064988
		]
	]
}