{
	"qr":[
		[
			0.5243055555555556,
			0.45246829855752785
		],
		[
			0.6435185185185185,
			0.6129621257180218
		]
	],
	"box":[
		[
			0.474537037037037,
			2.0369533125429273e-2
		],
		[
			0.7824074074074073,
			0.7364189158414786
		]
	]
}