{
	"qr":[
		[
			0.5633125327781393,
			0.5687234425904496
		],
		[
			0.6420162364818431,
			0.6016452532900382
		]
	],
	"qr":[
		[
			0.5161815242060908,
			0.3197522491748118
		],
		[
			0.6631722649468316,
			0.6654312615204908
		]
	]
}