{
	"qr":[
		[
			0.4236111111111111,
			0.1438263232488859
		],
		[
			0.6712962962962963,
			0.3248962820966225
		]
	],
	"box":[
		[
			0.2951388888888888,
			1.0081467281807898e-2
		],
		[
			0.8078703703703703,
			0.4606987512324251
		]
	]
}