{
	"qr":[
		[
			0.49074074074074064,
			0.3701637718085567
		],
		[
			0.5636574074074073,
			0.40102796933942086
		]
	],
	"box":[
		[
			0.4652777777777777,
			0.14588393641761024
		],
		[
			0.59375,
			0.42983455370156093
		]
	]
}