{
	"qr":[
		[
			0.4351851851851852,
			8.02385411308356e-3
		],
		[
			0.6990740740740741,
			0.11501973888674605
		]
	],
	"box":[
		[
			0.32407407407407407,
			1.4196693619256155e-2
		],
		[
			0.8287037037037037,
			0.3063777635781041
		]
	]
}