{
	"qr":[
		[
			0.37847222222222215,
			0.3475300269525897
		],
		[
			0.5289351851851851,
			0.4113160351830423
		]
	],
	"box":[
		[
			0.31481481481481477,
			3.908627775634778e-3
		],
		[
			0.5902777777777777,
			0.4627563644011493
		]
	]
}