{
	"qr":[
		[
			0.44444444444444436,
			0.48950533559456494
		],
		[
			0.5543981481481481,
			0.526542372631602
		]
	],
	"box":[
		[
			0.39583333333333326,
			0.15822961542995578
		],
		[
			0.5891203703703703,
			0.5594641833311903
		]
	]
}