{
	"qr":[
		[
			0.6678240740740741,
			0.3701637718085567
		],
		[
			0.7974537037037037,
			0.4360073932077336
		]
	],
	"box":[
		[
			0.6215277777777777,
			2.4484759462877582e-2
		],
		[
			0.8402777777777777,
			0.47715965658221926
		]
	]
}