{
	"box":[
		[
			0.31249999999999994,
			1.0081467281807898e-2
		],
		[
			0.6134259259259259,
			0.4360073932077336
		]
	],
	"qr":[
		[
			0.3726851851851851,
			0.2775711792159641
		],
		[
			0.5428240740740741,
			0.3701637718085567
		]
	]
}