{
	"qr":[
		[
			0.46412037037037035,
			0.5018510146069105
		],
		[
			0.5833333333333334,
			0.563579409668639
		]
	],
	"box":[
		[
			0.41550925925925913,
			0.12119257839291891
		],
		[
			0.6400462962962963,
			0.6191349652241946
		]
	]
}