{
	"box":[
		[
			0.3356481481481481,
			8.02385411308356e-3
		],
		[
			0.6863425925925926,
			0.3495876401213138
		]
	],
	"qr":[
		[
			0.4236111111111111,
			0.18086336028592293
		],
		[
			0.5787037037037037,
			0.28374401872213695
		]
	]
}