{
	"box":[
		[
			0.4108796296296296,
			0.12119257839291891
		],
		[
			0.5671296296296297,
			0.3783942244834539
		]
	],
	"qr":[
		[
			0.44328703703703703,
			0.3269538952653469
		],
		[
			0.5266203703703703,
			0.3598757059649353
		]
	]
}