{
	"qr":[
		[
			0.5952079230414496,
			0.17983455370156076
		],
		[
			0.7005319971155237,
			0.30329134382501755
		]
	],
	"box":[
		[
			0.45400421933774593,
			4.937434359996999e-3
		],
		[
			0.8081708860044127,
			0.33415554135588177
		]
	]
}