{
	"box":[
		[
			0.2884949600784867,
			0.2868304384752233
		],
		[
			0.5917357008192273,
			0.7971185043188448
		]
	],
	"qr":[
		[
			0.3671986637821904,
			0.6530855825081452
		],
		[
			0.5211338489673756,
			0.7662543067879806
		]
	]
}