{
	"box":[
		[
			0.22368014526367183,
			4.937434359996999e-3
		],
		[
			0.7375690341525607,
			0.22304443024477072
		]
	],
	"qr":[
		[
			0.3891894045229311,
			4.937434359996999e-3
		],
		[
			0.6021523674858941,
			0.1181061586398324
		]
	]
}