{
	"qr":[
		[
			0.3324764415599682,
			0.6942378458826308
		],
		[
			0.4621060711895978,
			0.7785999858003261
		]
	],
	"box":[
		[
			0.2676616267451533,
			0.3711925783929188
		],
		[
			0.5246060711895977,
			0.8382707676933303
		]
	]
}