{
	"box":[
		[
			0.4713653304488571,
			0.2827152121377748
		],
		[
			0.7364116267451534,
			0.8115217964999147
		]
	],
	"qr":[
		[
			0.5292357008192273,
			0.6242789981460051
		],
		[
			0.6658097748933014,
			0.7353901092571163
		]
	]
}