{
	"box":[
		[
			0.2329394045229311,
			9.052660697445676e-3
		],
		[
			0.6241431082266349,
			0.30329134382501755
		]
	],
	"qr":[
		[
			0.34868014526367186,
			0.12633661131472945
		],
		[
			0.541967182300709,
			0.24773578826946205
		]
	]
}