{
	"qr":[
		[
			0.3313190341525607,
			0.11399093230238388
		],
		[
			0.5373375526710793,
			0.28888805164394765
		]
	],
	"box":[
		[
			0.1762264415599681,
			4.937434359996999e-3
		],
		[
			0.6634949600784866,
			0.3567892862118489
		]
	]
}