{
	"qr":[
		[
			0.4123375526710793,
			0.16954648785793938
		],
		[
			0.5581708860044124,
			0.27859998580032624
		]
	],
	"box":[
		[
			0.303541256374783,
			9.052660697445676e-3
		],
		[
			0.6762264415599682,
			0.33209792818715744
		]
	]
}