{
	"box":[
		[
			0.1878005156340422,
			0.1633736483517665
		],
		[
			0.9042357008192273,
			0.9987645948538241
		]
	],
	"qr":[
		[
			0.40423570081922744,
			0.3876534837427131
		],
		[
			0.6739116267451533,
			0.9534971051418899
		]
	]
}