{
	"box":[
		[
			0.1959023674858941,
			0.27242714629415343
		],
		[
			0.9655782934118201,
			0.9987645948538241
		]
	],
	"qr":[
		[
			0.4574764415599681,
			0.6098757059649352
		],
		[
			0.7340968119303386,
			0.9987645948538241
		]
	]
}