{
	"qr":[
		[
			0.5523838489673755,
			0.6551431956768693
		],
		[
			0.6461338489673756,
			0.7230444302447706
		]
	],
	"box":[
		[
			0.47483755267107924,
			0.30329134382501755
		],
		[
			0.7317819971155237,
			0.7518510146069107
		]
	]
}