{
	"box":[
		[
			0.3926616267451533,
			9.052660697445676e-3
		],
		[
			0.7005319971155237,
			0.27859998580032624
		]
	],
	"qr":[
		[
			0.49219866378219035,
			0.1489703561706966
		],
		[
			0.6160412563747828,
			0.24773578826946205
		]
	]
}