{
	"qr":[
		[
			0.4621060711895978,
			0.7148139775698735
		],
		[
			0.732939404522931,
			0.9987645948538241
		]
	],
	"box":[
		[
			0.20979125637478296,
			0.41234484176740444
		],
		[
			0.9609486637821906,
			0.9987645948538241
		]
	]
}