{
	"box":[
		[
			0.545439404522931,
			4.937434359996999e-3
		],
		[
			0.9447449600784866,
			0.14279751666452373
		]
	],
	"qr":[
		[
			0.6634949600784866,
			6.995047528721338e-3
		],
		[
			0.8313190341525608,
			7.69538952653468e-2
		]
	]
}