{
	"qr":[
		[
			0.39497644155996814,
			2.1398339709791075e-2
		],
		[
			0.6322449600784866,
			0.24156294876328918
		]
	],
	"box":[
		[
			0.24682829341181997,
			9.052660697445676e-3
		],
		[
			0.7722912563747828,
			0.3629621257180216
		]
	]
}