{
	"qr":[
		[
			0.7178931082266348,
			0.321809862343536
		],
		[
			0.8000690341525607,
			0.3588468993805731
		]
	],
	"box":[
		[
			0.678541256374783,
			5.226253724065526e-2
		],
		[
			0.8590968119303386,
			0.3999991627550587
		]
	]
}