{
	"box":[
		[
			0.21557829341182,
			8.222080225482177e-4
		],
		[
			0.9759949600784867,
			0.9987645948538241
		]
	],
	"qr":[
		[
			0.4366431082266349,
			0.1880650063764578
		],
		[
			0.7514579230414496,
			0.7683119199567048
		]
	]
}