{
	"qr":[
		[
			0.39960607118959773,
			0.14485512983324805
		],
		[
			0.6681245897081162,
			0.7189292039073221
		]
	],
	"box":[
		[
			0.2005319971155237,
			6.995047528721338e-3
		],
		[
			0.8891894045229312,
			0.9020567759237829
		]
	]
}