{
	"qr":[
		[
			0.41349496007848674,
			9.052660697445676e-3
		],
		[
			0.8023838489673756,
			0.3938263232488858
		]
	],
	"box":[
		[
			0.2641894045229311,
			1.5225500203618375e-2
		],
		[
			0.9551616267451536,
			0.8609045125492973
		]
	]
}