{
	"qr":[
		[
			0.4308560711895978,
			4.937434359996999e-3
		],
		[
			0.8972912563747831,
			0.6345670639896266
		]
	],
	"box":[
		[
			0.24798570081922744,
			4.937434359996999e-3
		],
		[
			0.9991431082266349,
			0.9987645948538241
		]
	]
}