{
	"box":[
		[
			7.321718230070892e-2,
			0.18600739320773368
		],
		[
			0.3174301452636719,
			0.5440320845657582
		]
	],
	"qr":[
		[
			0.15307829341182,
			0.45349710514189
		],
		[
			0.22252273785626442,
			0.5172831133723427
		]
	]
}