{
	"box":[
		[
			0.8243745897081163,
			6.872344259044975e-2
		],
		[
			0.9979857008192274,
			0.3897110969114373
		]
	],
	"qr":[
		[
			0.8614116267451535,
			0.31563702283736333
		],
		[
			0.93432829341182,
			0.36090451254929745
		]
	]
}