{
	"box":[
		[
			0.2792357008192274,
			0.28065759896905046
		],
		[
			0.5165042193377459,
			0.6510279693394209
		]
	],
	"qr":[
		[
			0.33479125637478296,
			0.5810691216027953
		],
		[
			0.4331708860044126,
			0.6551431956768693
		]
	]
}