{
	"box":[
		[
			1.4189404522931154e-2,
			9.052660697445676e-3
		],
		[
			0.9250690341525608,
			0.9967069816850999
		]
	],
	"qr":[
		[
			0.2595597748933015,
			1.5225500203618375e-2
		],
		[
			0.709791256374783,
			0.519340726541067
		]
	]
}