{
	"box":[
		[
			0.14844866378219035,
			6.995047528721338e-3
		],
		[
			0.7838653304488571,
			0.2971185043188447
		]
	],
	"qr":[
		[
			0.3521523674858941,
			9.052660697445676e-3
		],
		[
			0.6056245897081163,
			0.14279751666452373
		]
	]
}