{
	"qr":[
		[
			0.49219866378219035,
			0.4740732368291328
		],
		[
			0.5836338489673756,
			0.5296287923846883
		]
	],
	"box":[
		[
			0.4320134785970052,
			0.2086411380637006
		],
		[
			0.658865330448857,
			0.5543201504093797
		]
	]
}