{
	"qr":[
		[
			0.3498375526710793,
			0.3711925783929188
		],
		[
			0.7340968119303386,
			0.8958839364176101
		]
	],
	"box":[
		[
			0.12993014526367183,
			1.3167887034894037e-2
		],
		[
			0.9586338489673756,
			0.9967069816850999
		]
	]
}